id,pokemon_id,formats
0,0,LC
1,1,LC
2,2,LC
3,3,NU
4,4,NU
5,5,OU
6,6,LC
7,7,PU
8,8,PU
9,9,PU
10,10,PU
11,11,LC
12,12,NFE
13,13,PU
14,14,LC
15,15,OU
16,16,OU
17,17,UU
18,18,UU
19,19,LC
20,20,NU
21,21,LC
22,22,PU
23,23,PU
24,24,PU
25,25,OU
26,26,NU
27,27,PU
28,28,OU
29,29,UU
30,30,PU
31,31,PU
32,32,OU
33,33,LC
34,34,LC
35,35,UU
36,36,UUBL
37,37,PU
38,38,LC
39,39,UU
40,40,OU
41,41,PU
42,42,PU
43,43,PU
44,44,UU
45,45,NFE
46,46,LC
47,47,NU
48,48,UU
49,49,OU
50,50,UU
51,51,OU
52,52,NU
53,53,LC
54,54,PU
55,55,UU
56,56,PU
57,57,Uber
58,58,Uber
59,59,LC
60,60,NFE
61,61,PU
62,62,LC
63,63,NFE
64,64,NU
65,65,LC
66,66,PU
67,67,LC
68,68,PU
69,69,LC
70,70,NUBL
71,71,LC
72,72,PU
73,73,LC
74,74,UU
75,75,NFE
76,76,PU
77,77,LC
78,78,NFE
79,79,NU
80,80,LC
81,81,NU
82,82,LC
83,83,NU
84,84,LC
85,85,LC
86,86,NU
87,87,LC
88,88,PU
89,89,LC
90,90,NFE
91,91,PU
92,92,LC
93,93,PU
94,94,LC
95,95,NU
96,96,NFE
97,97,LC
98,98,UU
99,99,LC
100,100,UU
101,101,LC
102,102,NUBL
103,103,LC
104,104,PU
105,105,LC
106,106,PU
107,107,NU
108,108,LC
109,109,NUBL
110,110,NUBL
111,111,PU
112,112,UU
113,113,OU
114,114,LC
115,115,NFE
116,116,PU
117,117,LC
118,118,LC
119,119,NFE
120,120,UU
121,121,LC
122,122,UU
123,123,LC
124,124,PU
125,125,NU
126,126,LC
127,127,PU
128,128,LC
129,129,NFE
130,130,OU
131,131,LC
132,132,PU
133,133,PU
134,134,LC
135,135,UU
136,136,LC
137,137,UU
138,138,LC
139,139,PU
140,140,NU
141,141,LC
142,142,OU
143,143,PU
144,144,UU
145,145,OU
146,146,PU
147,147,PU
148,148,UUBL
149,149,LC
150,150,NU
151,151,LC
152,152,LC
153,153,NU
154,154,UU
155,155,NU
156,156,OU
157,157,NU
158,158,OU
159,159,NU
160,160,NU
161,161,NU
162,162,LC
163,163,NFE
164,164,NU
165,165,LC
166,166,OU
167,167,UU
168,168,NU
169,169,UUBL
170,170,LC
171,171,NU
172,172,LC
173,173,NU
174,174,NU
175,175,LC
176,176,OU
177,177,UU
178,178,UU
179,179,OU
180,180,UU
181,181,NU
182,182,UU
183,183,UUBL
184,184,LC
185,185,LC
186,186,UU
187,187,UUBL
188,188,NU
189,189,LC
190,190,OU
191,191,UUBL
192,192,NU
193,193,NU
194,194,LC
195,195,UU
196,196,NFE
197,197,LC
198,198,UU
199,199,UUBL
200,200,OU
201,201,UUBL
202,202,OU
203,203,UUBL
204,204,LC
205,205,NU
206,206,UUBL
207,207,NU
208,208,Uber
209,209,Uber
210,210,LC
211,211,NU
212,212,UUBL
213,213,LC
214,214,NFE
215,215,UUBL
216,216,LC
217,217,NFE
218,218,LC
219,219,NUBL
220,220,LC
221,221,NU
222,222,LC
223,223,NU
224,224,LC
225,225,NU
226,226,LC
227,227,NU
228,228,UU
229,229,NFE
230,230,NU
231,231,UU
232,232,LC
233,233,LC
234,234,LC
235,235,LC
236,236,NU
237,237,LC
238,238,NU
239,239,LC
240,240,NU
241,241,NU
242,242,UU
243,243,UU
244,244,LC
245,245,NU
246,246,NU
247,247,UU
248,248,LC
249,249,NFE
250,250,UU
251,251,LC
252,252,NU
253,253,LC
254,254,NU
255,255,NU
256,256,LC
257,257,UU
258,258,UUBL
259,259,OU
260,260,NU
261,261,UU
262,262,NFE
263,263,NU
264,264,OU
265,265,NU
266,266,NU
267,267,UU
268,268,NU
269,269,OU
270,270,NU
271,271,UU
272,272,OU
273,273,LC
274,274,LC
275,275,UU
276,276,UU
277,277,UUBL
278,278,NU
279,279,OU
280,280,NU
281,281,LC
282,282,UUBL
283,283,LC
284,284,NU
285,285,NU
286,286,LC
287,287,UU
288,288,NU
289,289,LC
290,290,NU
291,291,NU
292,292,NU
293,293,OU
294,294,NU
295,295,UUBL
296,296,LC
297,297,UUBL
298,298,LC
299,299,UUBL
300,300,UUBL
301,301,NU
302,302,UUBL
303,303,LC
304,304,NU
305,305,LC
306,306,NU
307,307,NU
308,308,LC
309,309,OU
310,310,OU
311,311,OU
312,312,UUBL
313,313,OU
314,314,LC
315,315,NU
316,316,OU
317,317,Uber
318,318,UU
319,319,Uber
320,320,Uber
321,321,NUBL
322,322,LC
323,323,UU
324,324,LC
325,325,UUBL
326,326,NFE
327,327,UU
328,328,LC
329,329,NFE
330,330,OU
331,331,NFE
332,332,UUBL
333,333,LC
334,334,NU
335,335,NFE
336,336,LC
337,337,NU
338,338,LC
339,339,NFE
340,340,LC
341,341,NU
342,342,UU
343,343,LC
344,344,NU
345,345,LC
346,346,NU
347,347,NFE
348,348,LC
349,349,NU
350,350,LC
351,351,NU
352,352,LC
353,353,NUBL
354,354,LC
355,355,NU
356,356,LC
357,357,UU
358,358,UUBL
359,359,LC
360,360,NU
361,361,NUBL
362,362,LC
363,363,UU
364,364,UUBL
365,365,LC
366,366,NU
367,367,OU
368,368,LC
369,369,LC
370,370,NFE
371,371,UU
372,372,NU
373,373,UUBL
374,374,LC
375,375,NU
376,376,OU
377,377,LC
378,378,NU
379,379,NU
380,380,NFE
381,381,UU
382,382,NU
383,383,UU
384,384,NU
385,385,LC
386,386,UU
387,387,LC
388,388,NU
389,389,LC
390,390,UUBL
391,391,UU
392,392,LC
393,393,OU
394,394,NU
395,395,UU
396,396,OU
397,397,LC
398,398,LC
399,399,UU
400,400,LC
401,401,NU
402,402,LC
403,403,LC
404,404,LC
405,405,UU
406,406,LC
407,407,UUBL
408,408,LC
409,409,UUBL
410,410,UU
411,411,NU
412,412,PU
413,413,LC
414,414,NFE
415,415,UUBL
416,416,LC
417,417,UUBL
418,418,UUBL
419,419,PU
420,420,UU
421,421,LC
422,422,NFE
423,423,LC
424,424,PU
425,425,PU
426,426,LC
427,427,OU
428,428,UU
429,429,UU
430,430,UUBL
431,431,UU
432,432,UU
433,433,UU
434,434,UUBL
435,435,LC
436,436,LC
437,437,OU
438,438,UUBL
439,439,PU
440,440,LC
441,441,UUBL
442,442,OU
443,443,NU
444,444,LC
445,445,LC
446,446,UU
447,447,NFE
448,448,LC
449,449,UU
450,450,OU
451,451,OU
452,452,UUBL
453,453,OU
454,454,OU
455,455,LC
456,456,NFE
457,457,UUBL
458,458,PU
459,459,Uber
460,460,Uber
461,461,LC
462,462,NFE
463,463,UU
464,464,LC
465,465,NFE
466,466,UUBL
467,467,LC
468,468,NFE
469,469,LC
470,470,UU
471,471,LC
472,472,PU
473,473,LC
474,474,PU
475,475,LC
476,476,PU
477,477,LC
478,478,PU
479,479,UUBL
480,480,NFE
481,481,LC
482,482,UU
483,483,LC
484,484,LC
485,485,LC
486,486,LC
487,487,PU
488,488,LC
489,489,UU
490,490,LC
491,491,NU
492,492,NFE
493,493,UU
494,494,NU
495,495,NFE
496,496,UU
497,497,NU
498,498,UU
499,499,LC
500,500,NFE
501,501,UUBL
502,502,LC
503,503,PU
504,504,LC
505,505,PU
506,506,PU
507,507,LC
508,508,UU
509,509,UUBL
510,510,UUBL
511,511,NU
512,512,UU
513,513,NFE
514,514,NU
515,515,UU
516,516,PU
517,517,Uber
518,518,UU
519,519,LC
520,520,OU
521,521,PUBL
522,522,UU
523,523,UUBL
524,524,LC
525,525,LC
526,526,UU
527,527,UU
528,528,UUBL
529,529,PU
530,530,OU
531,531,UU
532,532,LC
533,533,UUBL
534,534,LC
535,535,PU
536,536,UU
537,537,LC
538,538,PU
539,539,PU
540,540,LC
541,541,NU
542,542,PU
543,543,UU
544,544,OU
545,545,LC
546,546,UUBL
547,547,LC
548,548,UUBL
549,549,LC
550,550,UUBL
551,551,UUBL
552,552,UU
553,553,UUBL
554,554,LC
555,555,UU
556,556,LC
557,557,LC
558,558,PU
559,559,LC
560,560,UUBL
561,561,OU
562,562,UUBL
563,563,UUBL
564,564,OU
565,565,LC
566,566,NU
567,567,OU
568,568,Uber
569,569,NU
570,570,Uber
571,571,OU
572,572,LC
573,573,NFE
574,574,UUBL
575,575,LC
576,576,NFE
577,577,UUBL
578,578,LC
579,579,NFE
580,580,UU
581,581,OU
582,582,LC
583,583,PU
584,584,LC
585,585,UU
586,586,LC
587,587,NFE
588,588,PU
589,589,NFE
590,590,PU
591,591,LC
592,592,LC
593,593,NFE
594,594,UUBL
595,595,LC
596,596,NFE
597,597,UU
598,598,LC
599,599,UUBL
600,600,LC
601,601,NU
602,602,UU
603,603,LC
604,604,NFE
605,605,UUBL
606,606,LC
607,607,PU
608,608,LC
609,609,OU
610,610,LC
611,611,NU
612,612,UUBL
613,613,LC
614,614,LC
615,615,UU
616,616,PU
617,617,LC
618,618,NFE
619,619,UU
620,620,LC
621,621,UUBL
622,622,LC
623,623,PU
624,624,UUBL
625,625,NFE
626,626,LC
627,627,PU
628,628,NU
629,629,PU
630,630,LC
631,631,NFE
632,632,UU
633,633,LC
634,634,UUBL
635,635,LC
636,636,UU
637,637,UU
638,638,NU
639,639,PU
640,640,PU
641,641,PU
642,642,NU
643,643,LC
644,644,PU
645,645,LC
646,646,UU
647,647,LC
648,648,LC
649,649,NU
650,650,LC
651,651,UU
652,652,NU
653,653,LC
654,654,UU
655,655,PU
656,656,LC
657,657,NFE
658,658,NFE
659,659,OU
660,660,LC
661,661,NU
662,662,LC
663,663,UU
664,664,UUBL
665,665,PU
666,666,UU
667,667,UU
668,668,LC
669,669,UU
670,670,NU
671,671,LC
672,672,NU
673,673,LC
674,674,OU
675,675,LC
676,676,UU
677,677,LC
678,678,UUBL
679,679,LC
680,680,NFE
681,681,OU
682,682,PU
683,683,NU
684,684,LC
685,685,UU
686,686,LC
687,687,UUBL
688,688,PU
689,689,NU
690,690,UU
691,691,UU
692,692,Uber
693,693,LC
694,694,NU
695,695,LC
696,696,NFE
697,697,UU
698,698,LC
699,699,NU
700,700,UU
701,701,NU
702,702,LC
703,703,PU
704,704,LC
705,705,NFE
706,706,OU
707,707,LC
708,708,NU
709,709,OU
710,710,UUBL
711,711,UUBL
712,712,UUBL
713,713,UU
714,714,Uber
715,715,Uber
716,716,Uber
717,717,Uber
718,718,Uber
719,719,OU
720,720,Uber
721,721,Uber
722,722,Uber
723,723,Uber
724,724,NFE
725,725,LC
726,726,PU
727,727,LC
728,728,NU
729,729,LC
730,730,NFE
731,731,UU
732,732,LC
733,733,PU
734,734,LC
735,735,NU
736,736,NFE
737,737,NU
738,738,OU
739,739,LC
740,740,UU
741,741,LC
742,742,UU
743,743,LC
744,744,UU
745,745,LC
746,746,UU
747,747,OU
748,748,LC
749,749,NFE
750,750,UU
751,751,LC
752,752,UUBL
753,753,UUBL
754,754,LC
755,755,PUBL
756,756,UUBL
757,757,LC
758,758,LC
759,759,NFE
760,760,UU
761,761,LC
762,762,UU
763,763,LC
764,764,NFE
765,765,UU
766,766,LC
767,767,UU
768,768,LC
769,769,NFE
770,770,UUBL
771,771,LC
772,772,OU
773,773,PU
774,774,LC
775,775,UUBL
776,776,LC
777,777,NU
778,778,LC
779,779,UU
780,780,UU
781,781,LC
782,782,OU
783,783,LC
784,784,NU
785,785,OU
786,786,LC
787,787,LC
788,788,UU
789,789,LC
790,790,PU
791,791,PU
792,792,PU
793,793,PU
794,796,CAP
795,798,CAP
796,799,CAP
797,800,CAP
798,801,CAP
799,802,CAP
800,804,CAP
801,805,CAP
802,806,CAP
803,809,CAP
804,816,CAP
805,818,LC
806,819,LC
807,820,LC
808,821,NU
809,822,LC
810,823,UU
811,824,LC
812,825,NU
813,826,UU
814,827,NU
815,828,LC
816,829,LC
817,830,NFE
818,831,UU
819,832,LC
820,833,NFE
821,834,UU
822,835,NU
823,836,UU
824,837,LC
825,838,NFE
826,839,LC
827,840,NU
828,841,NU
829,842,LC
830,843,OU
831,844,NU
832,845,UU
833,846,NU
834,847,NU
835,848,NFE
836,849,NU
837,850,NU
838,851,LC
839,852,LC
840,853,OU
841,854,NU
842,855,NU
843,856,LC
844,857,OU
845,858,OU
846,859,NU
847,860,LC
848,861,LC
849,862,UU
850,863,NFE
851,864,LC
852,865,UU
853,866,OU
854,867,OU
855,868,NU
856,869,OU
857,870,UU
858,871,LC
859,872,NU
860,873,OU
861,874,NU
862,875,Uber
863,876,Uber
864,877,LC
865,878,NFE
866,879,NU
867,880,LC
868,881,NFE
869,882,NU
870,883,LC
871,884,NFE
872,885,LC
873,886,UU
874,887,LC
875,888,NU
876,889,LC
877,890,NU
878,891,LC
879,892,NU
880,893,LC
881,894,NU
882,895,UUBL
883,896,NFE
884,897,LC
885,898,UU
886,899,LC
887,900,NU
888,901,LC
889,902,LC
890,903,LC
891,904,NU
892,905,LC
893,906,NU
894,907,LC
895,908,NU
896,909,NFE
897,910,NU
898,911,NU
899,912,NFE
900,913,UU
901,914,NU
902,915,NU
903,916,LC
904,917,NFE
905,918,NU
906,919,LC
907,920,LC
908,921,LC
909,922,NU
910,923,NU
911,924,LC
912,925,NU
913,926,NUBL
914,927,OU
915,928,NU
916,929,NU
917,930,NFE
918,931,NU
919,932,NU
920,933,NU
921,934,Uber
922,935,NU
923,936,LC
924,937,OU
925,938,NU
926,939,NU
927,940,UU
928,941,LC
929,942,LC
930,943,NU
931,944,UU
932,945,OU
933,946,NU
934,947,UUBL
935,948,NU
936,949,LC
937,950,UU
938,951,LC
939,952,NU
940,953,NU
941,954,LC
942,955,NU
943,956,NU
944,957,LC
945,958,NU
946,959,NU
947,960,NU
948,961,OU
949,962,LC
950,963,UU
951,964,LC
952,965,OU
953,966,LC
954,967,UU
955,968,NU
956,969,NU
957,970,OU
958,971,LC
959,972,UU
960,973,LC
961,974,LC
962,975,NU
963,976,LC
964,977,UU
965,978,OU
966,979,UUBL
967,980,NUBL
968,981,OU
969,982,LC
970,983,NFE
971,984,OU
972,985,Uber
973,986,NU
974,987,Uber
975,988,OU
976,989,LC
977,990,NFE
978,991,UU
979,992,LC
980,993,NFE
981,994,UU
982,995,LC
983,996,NFE
984,997,NU
985,998,OU
986,999,LC
987,1000,NU
988,1001,LC
989,1002,NU
990,1003,LC
991,1004,NFE
992,1005,NU
993,1006,NFE
994,1007,NU
995,1008,LC
996,1009,LC
997,1010,NFE
998,1011,UU
999,1012,LC
1000,1013,NFE
1001,1014,NU
1002,1015,LC
1003,1016,UU
1004,1017,LC
1005,1018,NU
1006,1019,NU
1007,1020,LC
1008,1021,NFE
1009,1022,NU
1010,1023,LC
1011,1024,NU
1012,1025,LC
1013,1026,OU
1014,1027,LC
1015,1028,NU
1016,1029,NU
1017,1030,LC
1018,1031,LC
1019,1032,OU
1020,1033,NU
1021,1034,LC
1022,1035,NFE
1023,1036,NU
1024,1037,LC
1025,1038,UU
1026,1039,LC
1027,1040,LC
1028,1041,UU
1029,1042,NFE
1030,1043,LC
1031,1044,NU
1032,1045,NU
1033,1046,NU
1034,1047,LC
1035,1048,NFE
1036,1049,UU
1037,1050,NFE
1038,1051,NU
1039,1052,LC
1040,1053,NU
1041,1054,NU
1042,1055,NU
1043,1056,NU
1044,1057,NU
1045,1058,NU
1046,1059,NU
1047,1060,LC
1048,1061,NU
1049,1062,LC
1050,1063,NU
1051,1064,LC
1052,1065,LC
1053,1066,NU
1054,1067,LC
1055,1068,NU
1056,1069,NU
1057,1070,LC
1058,1071,NU
1059,1072,NU
1060,1073,LC
1061,1074,NFE
1062,1075,NFE
1063,1076,OU
1064,1077,LC
1065,1078,NU
1066,1079,LC
1067,1080,UU
1068,1081,NU
1069,1082,NU
1070,1083,NU
1071,1084,NU
1072,1085,LC
1073,1086,UU
1074,1087,NU
1075,1088,LC
1076,1089,NU
1077,1090,LC
1078,1091,UU
1079,1092,LC
1080,1093,NU
1081,1094,LC
1082,1095,NU
1083,1096,LC
1084,1097,NFE
1085,1098,UU
1086,1099,NU
1087,1100,NU
1088,1101,LC
1089,1102,NU
1090,1103,LC
1091,1104,NU
1092,1105,NU
1093,1106,NU
1094,1107,UU
1095,1108,UU
1096,1109,Uber
1097,1110,LC
1098,1111,NU
1099,1112,LC
1100,1113,NFE
1101,1114,NU
1102,1115,NU
1103,1116,NU
1104,1117,NU
1105,1118,NU
1106,1119,LC
1107,1120,NU
1108,1121,LC
1109,1122,NU
1110,1123,Uber
1111,1124,LC
1112,1125,NU
1113,1126,OU
1114,1127,NU
1115,1128,NU
1116,1129,UU
1117,1130,NU
1118,1131,OU
1119,1132,Uber
1120,1133,Uber
1121,1134,Uber
1122,1135,Uber
1123,1136,OU
1124,1137,Uber
1125,1138,Uber
1126,1139,Uber
1127,1140,Uber
1128,1141,LC
1129,1142,NFE
1130,1143,UU
1131,1144,NFE
1132,1145,LC
1133,1146,NU
1134,1147,OU
1135,1148,LC
1136,1149,NFE
1137,1150,OU
1138,1151,LC
1139,1152,NFE
1140,1153,UUBL
1141,1154,LC
1142,1155,LC
1143,1156,NU
1144,1157,NU
1145,1158,LC
1146,1159,NU
1147,1160,LC
1148,1161,NFE
1149,1162,NU
1150,1163,LC
1151,1164,OU
1152,1165,LC
1153,1166,NU
1154,1167,LC
1155,1168,LC
1156,1169,NU
1157,1170,LC
1158,1171,NU
1159,1172,NU
1160,1173,NU
1161,1174,NU
1162,1175,LC
1163,1176,NU
1164,1177,NU
1165,1178,LC
1166,1179,NU
1167,1180,NU
1168,1181,LC
1169,1182,NU
1170,1183,LC
1171,1184,NU
1172,1185,UU
1173,1186,LC
1174,1187,NU
1175,1188,LC
1176,1189,NU
1177,1190,UU
1178,1191,LC
1179,1192,UUBL
1180,1193,LC
1181,1194,NU
1182,1195,LC
1183,1196,LC
1184,1197,NU
1185,1198,LC
1186,1199,OU
1187,1200,LC
1188,1201,LC
1189,1202,NFE
1190,1203,LC
1191,1204,NU
1192,1205,UU
1193,1206,LC
1194,1207,NU
1195,1208,Uber
1196,1209,LC
1197,1210,LC
1198,1211,OU
1199,1212,NUBL
1200,1213,NU
1201,1214,OU
1202,1215,LC
1203,1216,UU
1204,1217,LC
1205,1218,UU
1206,1219,NU
1207,1220,LC
1208,1221,NU
1209,1222,LC
1210,1223,NUBL
1211,1224,LC
1212,1225,UUBL
1213,1226,OU
1214,1227,OU
1215,1228,NU
1216,1229,UU
1217,1230,UU
1218,1231,OU
1219,1232,NU
1220,1233,OU
1221,1234,UUBL
1222,1235,NU
1223,1236,UU
1224,1237,NU
1225,1238,OU
1226,1239,OU
1227,1240,UUBL
1228,1241,UUBL
1229,1242,NU
1230,1243,OU
1231,1244,UUBL
1232,1245,UU
1233,1246,OU
1234,1247,OU
1235,1248,OU
1236,1249,OU
1237,1250,OU
1238,1251,LC
1239,1252,UU
1240,1253,UU
1241,1254,OU
1242,1255,Uber
1243,1256,Uber
1244,1257,OU
1245,1258,NU
1246,1259,Uber
1247,1260,Uber
1248,1261,UUBL
1249,1262,NU
1250,1263,NU
1251,1264,Uber
1252,1265,Uber
1253,1266,OU
1254,1267,Uber
1255,1268,AG
1256,1269,AG
1257,1270,AG
1258,1271,AG
1259,1272,AG
1260,1273,AG
1261,1274,AG
1262,1275,AG
1263,1276,AG
1264,1277,AG
1265,1278,AG
1266,1279,AG
1267,1280,AG
1268,1281,AG
1269,1282,AG
1270,1283,AG
1271,1284,AG
1272,1285,NFE
1273,1286,NU
1274,1287,UU
1275,1288,LC
1276,1289,NU
1277,1290,LC
1278,1291,NU
1279,1292,LC
1280,1293,UU
1281,1294,LC
1282,1295,UU
1283,1296,NU
1284,1297,LC
1285,1298,NFE
1286,1299,NU
1287,1300,LC
1288,1301,NU
1289,1302,UU
1290,1303,LC
1291,1304,NU
1292,1305,OU
1293,1306,LC
1294,1307,LC
1295,1308,NFE
1296,1309,NU
1297,1310,LC
1298,1311,OU
1299,1312,LC
1300,1313,NFE
1301,1314,NU
1302,1315,LC
1303,1316,NU
1304,1317,LC
1305,1318,NFE
1306,1319,UU
1307,1320,LC
1308,1321,NU
1309,1322,NU
1310,1323,LC
1311,1324,NU
1312,1325,LC
1313,1326,NU
1314,1327,LC
1315,1328,NU
1316,1329,UU
1317,1330,LC
1318,1331,UU
1319,1332,LC
1320,1333,NU
1321,1334,OU
1322,1335,LC
1323,1336,LC
1324,1337,NU
1325,1338,LC
1326,1339,NU
1327,1340,NU
1328,1341,NU
1329,1342,NU
1330,1343,NU
1331,1346,CAP
1332,1348,CAP
1333,1349,CAP
1334,1350,CAP
1335,1351,CAP
1336,1352,CAP
1337,1354,CAP
1338,1355,CAP
1339,1357,CAP
1340,1359,CAP
1341,1360,CAP
1342,1363,CAP
1343,1365,CAP
1344,1366,CAP
1345,1368,CAP
1346,1388,CAP
1347,1395,CAP
1348,1397,LC
1349,1398,LC
1350,1399,LC
1351,1400,NU
1352,1401,LC
1353,1402,NU
1354,1403,LC
1355,1404,PU
1356,1405,RU
1357,1406,RU
1358,1407,LC
1359,1408,LC
1360,1409,NFE
1361,1410,NU
1362,1411,LC
1363,1412,RU
1364,1413,UUBL
1365,1414,NU
1366,1415,NU
1367,1416,LC
1368,1417,NFE
1369,1418,LC
1370,1419,PU
1371,1420,PU
1372,1421,LC
1373,1422,OU
1374,1423,PU
1375,1424,RU
1376,1425,NUBL
1377,1426,NU
1378,1427,NFE
1379,1428,NU
1380,1429,NU
1381,1430,LC
1382,1431,LC
1383,1432,OU
1384,1433,NU
1385,1434,NU
1386,1435,LC
1387,1436,OU
1388,1437,OU
1389,1438,PU
1390,1439,LC
1391,1440,LC
1392,1441,RU
1393,1442,NFE
1394,1443,LC
1395,1444,RU
1396,1445,RU
1397,1446,UU
1398,1447,PU
1399,1448,UU
1400,1449,RU
1401,1450,LC
1402,1451,NFE
1403,1452,OU
1404,1453,PU
1405,1454,Uber
1406,1455,UU
1407,1456,LC
1408,1457,NFE
1409,1458,PU
1410,1459,LC
1411,1460,NFE
1412,1461,RU
1413,1462,LC
1414,1463,NFE
1415,1464,LC
1416,1465,RU
1417,1466,LC
1418,1467,PU
1419,1468,LC
1420,1469,PU
1421,1470,LC
1422,1471,PU
1423,1472,LC
1424,1473,PU
1425,1474,UU
1426,1475,NFE
1427,1476,LC
1428,1477,RU
1429,1478,LC
1430,1479,LC
1431,1480,LC
1432,1481,LC
1433,1482,NFE
1434,1483,PU
1435,1484,UU
1436,1485,LC
1437,1486,PU
1438,1487,NFE
1439,1488,NU
1440,1489,PU
1441,1490,NFE
1442,1491,UU
1443,1492,PU
1444,1493,OU
1445,1494,LC
1446,1495,NFE
1447,1496,PU
1448,1497,LC
1449,1498,LC
1450,1499,LC
1451,1500,PU
1452,1501,NFE
1453,1502,LC
1454,1503,RU
1455,1504,OU
1456,1505,UU
1457,1506,PU
1458,1507,RU
1459,1508,NFE
1460,1509,PU
1461,1510,NU
1462,1511,PU
1463,1512,UUBL
1464,1513,PU
1465,1514,LC
1466,1515,OU
1467,1516,PU
1468,1517,UU
1469,1518,RU
1470,1519,LC
1471,1520,LC
1472,1521,PU
1473,1522,RU
1474,1523,OU
1475,1524,PU
1476,1525,UU
1477,1526,PU
1478,1527,LC
1479,1528,PU
1480,1529,LC
1481,1530,PU
1482,1531,PU
1483,1532,LC
1484,1533,NU
1485,1534,PU
1486,1535,LC
1487,1536,PU
1488,1537,PU
1489,1538,PU
1490,1539,OU
1491,1540,LC
1492,1541,UU
1493,1542,LC
1494,1543,UU
1495,1544,LC
1496,1545,OU
1497,1546,UU
1498,1547,PU
1499,1548,RU
1500,1549,LC
1501,1550,UU
1502,1551,LC
1503,1552,LC
1504,1553,PU
1505,1554,LC
1506,1555,NU
1507,1556,OU
1508,1557,UU
1509,1558,RU
1510,1559,UU
1511,1560,LC
1512,1561,NFE
1513,1562,OU
1514,1563,Uber
1515,1564,NFE
1516,1565,Uber
1517,1566,OU
1518,1567,LC
1519,1568,NFE
1520,1569,RU
1521,1570,LC
1522,1571,PUBL
1523,1572,Uber
1524,1573,LC
1525,1574,NFE
1526,1575,PU
1527,1576,UU
1528,1577,LC
1529,1578,PU
1530,1579,LC
1531,1580,PUBL
1532,1581,LC
1533,1582,NFE
1534,1583,PU
1535,1584,NFE
1536,1585,PU
1537,1586,LC
1538,1587,LC
1539,1588,NFE
1540,1589,NU
1541,1590,LC
1542,1591,NFE
1543,1592,PU
1544,1593,LC
1545,1594,NU
1546,1595,LC
1547,1596,PU
1548,1597,RU
1549,1598,LC
1550,1599,NFE
1551,1600,NU
1552,1601,LC
1553,1602,PU
1554,1603,LC
1555,1604,OU
1556,1605,LC
1557,1606,PUBL
1558,1607,PU
1559,1608,LC
1560,1609,LC
1561,1610,NU
1562,1611,PU
1563,1612,LC
1564,1613,NFE
1565,1614,PU
1566,1615,LC
1567,1616,RU
1568,1617,LC
1569,1618,LC
1570,1619,OU
1571,1620,NFE
1572,1621,LC
1573,1622,PU
1574,1623,UU
1575,1624,PU
1576,1625,LC
1577,1626,NFE
1578,1627,RU
1579,1628,NFE
1580,1629,RU
1581,1630,LC
1582,1631,UU
1583,1632,RU
1584,1633,PU
1585,1634,PU
1586,1635,PU
1587,1636,PU
1588,1637,NU
1589,1638,LC
1590,1639,PU
1591,1640,LC
1592,1641,UU
1593,1642,LC
1594,1643,LC
1595,1644,PU
1596,1645,LC
1597,1646,NU
1598,1647,NU
1599,1648,LC
1600,1649,PU
1601,1650,PU
1602,1651,LC
1603,1652,NFE
1604,1653,NFE
1605,1654,UU
1606,1655,LC
1607,1656,NU
1608,1657,LC
1609,1658,NU
1610,1659,NU
1611,1660,PU
1612,1661,PU
1613,1662,PU
1614,1663,LC
1615,1664,UU
1616,1665,PU
1617,1666,LC
1618,1667,RU
1619,1668,LC
1620,1669,UU
1621,1670,LC
1622,1671,NU
1623,1672,LC
1624,1673,NU
1625,1674,LC
1626,1675,NFE
1627,1676,UU
1628,1677,PU
1629,1678,PU
1630,1679,LC
1631,1680,PU
1632,1681,LC
1633,1682,UU
1634,1683,PU
1635,1684,PU
1636,1685,RU
1637,1686,RU
1638,1687,LC
1639,1688,LC
1640,1689,PU
1641,1690,LC
1642,1691,NFE
1643,1692,PU
1644,1693,LC
1645,1694,PU
1646,1695,NU
1647,1696,PU
1648,1697,NFE
1649,1698,PU
1650,1699,LC
1651,1700,NFE
1652,1701,OU
1653,1702,LC
1654,1703,NU
1655,1704,OU
1656,1705,NU
1657,1706,NU
1658,1707,UU
1659,1708,OU
1660,1709,OU
1661,1710,OU
1662,1711,Uber
1663,1712,Uber
1664,1713,Uber
1665,1714,OU
1666,1715,Uber
1667,1716,Uber
1668,1717,Uber
1669,1718,Uber
1670,1719,LC
1671,1720,NFE
1672,1721,PU
1673,1722,NFE
1674,1723,LC
1675,1724,PU
1676,1725,OU
1677,1726,LC
1678,1727,NFE
1679,1728,UU
1680,1729,LC
1681,1730,NFE
1682,1731,UUBL
1683,1732,LC
1684,1733,LC
1685,1734,PU
1686,1735,PU
1687,1736,LC
1688,1737,PU
1689,1738,LC
1690,1739,NFE
1691,1740,PU
1692,1741,LC
1693,1742,UU
1694,1743,LC
1695,1744,PU
1696,1745,LC
1697,1746,LC
1698,1747,NU
1699,1748,LC
1700,1749,PU
1701,1750,PU
1702,1751,PU
1703,1752,PU
1704,1753,LC
1705,1754,PU
1706,1755,PU
1707,1756,LC
1708,1757,NU
1709,1758,NU
1710,1759,LC
1711,1760,PU
1712,1761,LC
1713,1762,OU
1714,1763,UU
1715,1764,LC
1716,1765,NU
1717,1766,LC
1718,1767,PU
1719,1768,UU
1720,1769,LC
1721,1770,UU
1722,1771,LC
1723,1772,PU
1724,1773,LC
1725,1774,LC
1726,1775,NU
1727,1776,PU
1728,1777,UU
1729,1778,LC
1730,1779,LC
1731,1780,NFE
1732,1781,LC
1733,1782,PU
1734,1783,RU
1735,1784,LC
1736,1785,PU
1737,1786,OU
1738,1787,LC
1739,1788,PUBL
1740,1789,OU
1741,1790,LC
1742,1791,PU
1743,1792,OU
1744,1793,LC
1745,1794,RU
1746,1795,LC
1747,1796,OU
1748,1797,PU
1749,1798,LC
1750,1799,PU
1751,1800,LC
1752,1801,LC
1753,1802,LC
1754,1803,UU
1755,1804,UU
1756,1805,OU
1757,1806,NU
1758,1807,UU
1759,1808,RU
1760,1809,RU
1761,1810,RU
1762,1811,UU
1763,1812,UU
1764,1813,PU
1765,1814,PU
1766,1815,PU
1767,1816,OU
1768,1817,OU
1769,1818,UU
1770,1819,RU
1771,1820,NU
1772,1821,RU
1773,1822,UUBL
1774,1823,RU
1775,1824,NU
1776,1825,PUBL
1777,1826,UU
1778,1827,RU
1779,1828,OU
1780,1829,LC
1781,1830,RU
1782,1831,RU
1783,1832,UU
1784,1833,Uber
1785,1834,Uber
1786,1835,OU
1787,1836,PU
1788,1837,Uber
1789,1838,Uber
1790,1839,RUBL
1791,1840,PU
1792,1841,RUBL
1793,1842,Uber
1794,1843,Uber
1795,1844,UU
1796,1845,Uber
1797,1846,Uber
1798,1847,Uber
1799,1848,Uber
1800,1849,Uber
1801,1850,Uber
1802,1851,Uber
1803,1852,Uber
1804,1853,Uber
1805,1854,Uber
1806,1855,Uber
1807,1856,Uber
1808,1857,Uber
1809,1858,Uber
1810,1859,Uber
1811,1860,Uber
1812,1861,Uber
1813,1862,Uber
1814,1863,UU
1815,1864,LC
1816,1865,NFE
1817,1866,NU
1818,1867,LC
1819,1868,NFE
1820,1869,NFE
1821,1870,LC
1822,1871,RU
1823,1872,LC
1824,1873,NFE
1825,1874,NU
1826,1875,LC
1827,1876,PU
1828,1877,LC
1829,1878,NFE
1830,1879,PU
1831,1880,LC
1832,1881,OU
1833,1882,NU
1834,1883,LC
1835,1884,PU
1836,1885,LC
1837,1886,PU
1838,1887,LC
1839,1888,PUBL
1840,1889,LC
1841,1890,NU
1842,1891,LC
1843,1892,LC
1844,1893,NFE
1845,1894,PU
1846,1895,LC
1847,1896,PU
1848,1897,LC
1849,1898,NFE
1850,1899,NU
1851,1900,LC
1852,1901,PU
1853,1902,LC
1854,1903,PU
1855,1904,OU
1856,1905,PU
1857,1906,LC
1858,1907,NU
1859,1908,OU
1860,1909,LC
1861,1910,NFE
1862,1911,NU
1863,1912,PUBL
1864,1913,NU
1865,1914,LC
1866,1915,LC
1867,1916,NFE
1868,1917,PU
1869,1918,LC
1870,1919,NFE
1871,1920,NUBL
1872,1921,LC
1873,1922,RU
1874,1923,LC
1875,1924,RU
1876,1925,PU
1877,1926,NU
1878,1927,NU
1879,1928,LC
1880,1929,PU
1881,1930,UU
1882,1931,LC
1883,1932,UU
1884,1933,PU
1885,1934,PU
1886,1935,RU
1887,1936,PU
1888,1937,LC
1889,1938,UU
1890,1939,RU
1891,1940,LC
1892,1941,UU
1893,1942,LC
1894,1943,NU
1895,1944,LC
1896,1945,RU
1897,1946,LC
1898,1947,NU
1899,1948,NU
1900,1949,LC
1901,1950,UU
1902,1951,LC
1903,1952,RU
1904,1953,LC
1905,1954,PUBL
1906,1955,UUBL
1907,1956,LC
1908,1957,PU
1909,1958,OU
1910,1959,LC
1911,1960,LC
1912,1961,PU
1913,1962,LC
1914,1963,NFE
1915,1964,PU
1916,1965,LC
1917,1966,NU
1918,1967,PU
1919,1968,LC
1920,1969,RU
1921,1970,UU
1922,1971,LC
1923,1972,RU
1924,1973,LC
1925,1974,OU
1926,1975,NU
1927,1976,LC
1928,1977,RU
1929,1978,RU
1930,1979,OU
1931,1980,LC
1932,1981,NU
1933,1982,LC
1934,1983,PU
1935,1984,RU
1936,1985,LC
1937,1986,NFE
1938,1987,NU
1939,1988,LC
1940,1989,PU
1941,1990,LC
1942,1991,NFE
1943,1992,UUBL
1944,1993,NFE
1945,1994,LC
1946,1995,PU
1947,1996,OU
1948,1997,LC
1949,1998,PU
1950,1999,RU
1951,2000,LC
1952,2001,RU
1953,2002,PU
1954,2003,LC
1955,2004,RU
1956,2005,UU
1957,2006,RU
1958,2007,LC
1959,2008,NU
1960,2009,LC
1961,2010,UU
1962,2011,RU
1963,2012,LC
1964,2013,NU
1965,2014,LC
1966,2015,LC
1967,2016,NU
1968,2017,PU
1969,2018,RU
1970,2019,LC
1971,2020,PU
1972,2021,OU
1973,2022,LC
1974,2023,OU
1975,2024,UU
1976,2025,OU
1977,2026,NU
1978,2027,UU
1979,2028,UU
1980,2029,Uber
1981,2030,Uber
1982,2031,OU
1983,2032,Uber
1984,2033,Uber
1985,2034,Uber
1986,2035,OU
1987,2036,UUBL
1988,2037,OU
1989,2038,Uber
1990,2039,OU
1991,2040,OU
1992,2041,UU
1993,2042,Uber
1994,2043,Uber
1995,2044,Uber
1996,2045,Uber
1997,2046,Uber
1998,2047,OU
1999,2048,LC
2000,2049,NFE
2001,2050,UU
2002,2051,LC
2003,2052,LC
2004,2053,NFE
2005,2054,PU
2006,2055,PU
2007,2056,OU
2008,2057,LC
2009,2058,NFE
2010,2059,NU
2011,2060,LC
2012,2061,PU
2013,2062,LC
2014,2063,NU
2015,2064,UU
2016,2065,LC
2017,2066,RU
2018,2067,PU
2019,2068,LC
2020,2069,PU
2021,2070,LC
2022,2071,PU
2023,2072,LC
2024,2073,PU
2025,2074,UU
2026,2075,LC
2027,2076,OU
2028,2077,LC
2029,2078,NU
2030,2079,OU
2031,2080,LC
2032,2081,LC
2033,2082,PU
2034,2083,LC
2035,2084,PU
2036,2085,PU
2037,2086,UU
2038,2087,UU
2039,2088,PU
2040,2089,PU
2041,2090,PU
2042,2093,CAP
2043,2095,CAP
2044,2096,CAP
2045,2097,CAP
2046,2098,CAP
2047,2099,CAP
2048,2101,CAP
2049,2102,CAP
2050,2104,CAP
2051,2106,CAP
2052,2107,CAP
2053,2110,CAP
2054,2112,CAP
2055,2113,CAP
2056,2115,CAP
2057,2117,CAP
2058,2119,CAP
2059,2122,CAP
2060,2123,CAP
2061,2126,CAP
2062,2128,CAP
2063,2135,CAP
2064,2137,LC
2065,2138,LC
2066,2139,LC
2067,2140,PU
2068,2141,LC
2069,2142,PUBL
2070,2143,LC
2071,2144,PU
2072,2145,RU
2073,2146,NU
2074,2147,LC
2075,2148,LC
2076,2149,NFE
2077,2150,NU
2078,2151,LC
2079,2152,NU
2080,2153,OU
2081,2154,PU
2082,2155,NU
2083,2156,LC
2084,2157,NFE
2085,2158,LC
2086,2159,Untiered
2087,2160,Untiered
2088,2161,LC
2089,2162,OU
2090,2163,PU
2091,2164,NU
2092,2165,NU
2093,2166,NFE
2094,2167,NFE
2095,2168,NU
2096,2169,NU
2097,2170,LC
2098,2171,LC
2099,2172,UU
2100,2173,PU
2101,2174,Untiered
2102,2175,LC
2103,2176,UU
2104,2177,RU
2105,2178,PU
2106,2179,LC
2107,2180,LC
2108,2181,NU
2109,2182,NFE
2110,2183,LC
2111,2184,NU
2112,2185,RU
2113,2186,UU
2114,2187,PU
2115,2188,OU
2116,2189,RUBL
2117,2190,LC
2118,2191,NFE
2119,2192,OU
2120,2193,Untiered
2121,2194,Uber
2122,2195,OU
2123,2196,LC
2124,2197,NFE
2125,2198,Untiered
2126,2199,LC
2127,2200,NFE
2128,2201,RU
2129,2202,LC
2130,2203,NFE
2131,2204,LC
2132,2205,UU
2133,2206,LC
2134,2207,Untiered
2135,2208,LC
2136,2209,Untiered
2137,2210,LC
2138,2211,Untiered
2139,2212,LC
2140,2213,Untiered
2141,2214,UU
2142,2215,NFE
2143,2216,LC
2144,2217,NU
2145,2218,LC
2146,2219,LC
2147,2220,LC
2148,2221,LC
2149,2222,RU
2150,2223,LC
2151,2224,NU
2152,2225,LC
2153,2226,Untiered
2154,2227,NFE
2155,2228,PU
2156,2229,Untiered
2157,2230,NFE
2158,2231,OU
2159,2232,Untiered
2160,2233,Untiered
2161,2234,LC
2162,2235,NFE
2163,2236,Untiered
2164,2237,LC
2165,2238,LC
2166,2239,LC
2167,2240,Untiered
2168,2241,NFE
2169,2242,LC
2170,2243,PUBL
2171,2244,UU
2172,2245,UU
2173,2246,NFE
2174,2247,RU
2175,2248,NFE
2176,2249,Untiered
2177,2250,PU
2178,2251,Untiered
2179,2252,Untiered
2180,2253,Untiered
2181,2254,LC
2182,2255,UU
2183,2256,Untiered
2184,2257,UU
2185,2258,NU
2186,2259,LC
2187,2260,LC
2188,2261,RU
2189,2262,RU
2190,2263,OU
2191,2264,RUBL
2192,2265,UU
2193,2266,RU
2194,2267,LC
2195,2268,PU
2196,2269,LC
2197,2270,Untiered
2198,2271,Untiered
2199,2272,LC
2200,2273,NU
2201,2274,Untiered
2202,2275,LC
2203,2276,Untiered
2204,2277,Untiered
2205,2278,NU
2206,2279,OU
2207,2280,LC
2208,2281,RU
2209,2282,LC
2210,2283,RUBL
2211,2284,LC
2212,2285,UU
2213,2286,UU
2214,2287,Untiered
2215,2288,PU
2216,2289,LC
2217,2290,RU
2218,2291,LC
2219,2292,LC
2220,2293,PU
2221,2294,LC
2222,2295,NU
2223,2296,UU
2224,2297,OU
2225,2298,UU
2226,2299,UU
2227,2300,LC
2228,2301,NFE
2229,2302,OU
2230,2303,Uber
2231,2304,NFE
2232,2305,Untiered
2233,2306,Untiered
2234,2307,Untiered
2235,2308,Untiered
2236,2309,Untiered
2237,2310,Untiered
2238,2311,Uber
2239,2312,UU
2240,2313,LC
2241,2314,NFE
2242,2315,NUBL
2243,2316,LC
2244,2317,PU
2245,2318,Uber
2246,2319,LC
2247,2320,NFE
2248,2321,PU
2249,2322,UU
2250,2323,LC
2251,2324,Untiered
2252,2325,LC
2253,2326,PUBL
2254,2327,LC
2255,2328,NFE
2256,2329,Untiered
2257,2330,NFE
2258,2331,Untiered
2259,2332,LC
2260,2333,LC
2261,2334,NFE
2262,2335,NU
2263,2336,LC
2264,2337,NFE
2265,2338,NU
2266,2339,LC
2267,2340,NU
2268,2341,LC
2269,2342,PU
2270,2343,NU
2271,2344,LC
2272,2345,NFE
2273,2346,UU
2274,2347,LC
2275,2348,Untiered
2276,2349,LC
2277,2350,OU
2278,2351,LC
2279,2352,PUBL
2280,2353,Untiered
2281,2354,LC
2282,2355,LC
2283,2356,PU
2284,2357,Untiered
2285,2358,LC
2286,2359,NFE
2287,2360,RU
2288,2361,LC
2289,2362,NU
2290,2363,LC
2291,2364,LC
2292,2365,RU
2293,2366,NFE
2294,2367,LC
2295,2368,Untiered
2296,2369,RUBL
2297,2370,PU
2298,2371,LC
2299,2372,NFE
2300,2373,NU
2301,2374,NFE
2302,2375,RU
2303,2376,LC
2304,2377,UU
2305,2378,NU
2306,2379,Untiered
2307,2380,Untiered
2308,2381,Untiered
2309,2382,Untiered
2310,2383,PU
2311,2384,LC
2312,2385,Untiered
2313,2386,LC
2314,2387,RUBL
2315,2388,LC
2316,2389,LC
2317,2390,Untiered
2318,2391,LC
2319,2392,PU
2320,2393,PU
2321,2394,LC
2322,2395,PU
2323,2396,Untiered
2324,2397,LC
2325,2398,NFE
2326,2399,NFE
2327,2400,RU
2328,2401,LC
2329,2402,PU
2330,2403,LC
2331,2404,PU
2332,2405,NU
2333,2406,Untiered
2334,2407,Untiered
2335,2408,Untiered
2336,2409,LC
2337,2410,UU
2338,2411,Untiered
2339,2412,LC
2340,2413,UU
2341,2414,LC
2342,2415,NU
2343,2416,LC
2344,2417,NU
2345,2418,LC
2346,2419,PU
2347,2420,LC
2348,2421,PU
2349,2422,UU
2350,2423,Untiered
2351,2424,NU
2352,2425,LC
2353,2426,Untiered
2354,2427,LC
2355,2428,NFE
2356,2429,Untiered
2357,2430,Untiered
2358,2431,RU
2359,2432,OU
2360,2433,LC
2361,2434,LC
2362,2435,Untiered
2363,2436,LC
2364,2437,NFE
2365,2438,Untiered
2366,2439,LC
2367,2440,Untiered
2368,2441,PU
2369,2442,PU
2370,2443,LC
2371,2444,Untiered
2372,2445,LC
2373,2446,NFE
2374,2447,UUBL
2375,2448,LC
2376,2449,PU
2377,2450,UU
2378,2451,NU
2379,2452,PU
2380,2453,RU
2381,2454,PU
2382,2455,OU
2383,2456,OU
2384,2457,Uber
2385,2458,Uber
2386,2459,Uber
2387,2460,OU
2388,2461,Uber
2389,2462,Uber
2390,2463,Uber
2391,2464,Uber
2392,2465,LC
2393,2466,NFE
2394,2467,NU
2395,2468,NFE
2396,2469,LC
2397,2470,PU
2398,2471,UU
2399,2472,LC
2400,2473,PU
2401,2474,UU
2402,2475,LC
2403,2476,NFE
2404,2477,UUBL
2405,2478,LC
2406,2479,LC
2407,2480,Untiered
2408,2481,Untiered
2409,2482,LC
2410,2483,Untiered
2411,2484,LC
2412,2485,NFE
2413,2486,Untiered
2414,2487,LC
2415,2488,UU
2416,2489,LC
2417,2490,PU
2418,2491,LC
2419,2492,LC
2420,2493,Untiered
2421,2494,LC
2422,2495,Untiered
2423,2496,Untiered
2424,2497,Untiered
2425,2498,Untiered
2426,2499,LC
2427,2500,Untiered
2428,2501,Untiered
2429,2502,LC
2430,2503,PU
2431,2504,RU
2432,2505,LC
2433,2506,Untiered
2434,2507,LC
2435,2508,NU
2436,2509,RU
2437,2510,NFE
2438,2511,PU
2439,2512,LC
2440,2513,Untiered
2441,2514,NU
2442,2515,LC
2443,2516,RUBL
2444,2517,LC
2445,2518,Untiered
2446,2519,LC
2447,2520,LC
2448,2521,NU
2449,2522,LC
2450,2523,RU
2451,2524,LC
2452,2525,LC
2453,2526,NFE
2454,2527,LC
2455,2528,PU
2456,2529,RU
2457,2530,LC
2458,2531,PU
2459,2532,OU
2460,2533,LC
2461,2534,LC
2462,2535,UU
2463,2536,LC
2464,2537,NU
2465,2538,OU
2466,2539,LC
2467,2540,RU
2468,2541,LC
2469,2542,UU
2470,2543,Untiered
2471,2544,LC
2472,2545,PU
2473,2546,LC
2474,2547,LC
2475,2548,LC
2476,2549,NU
2477,2550,OU
2478,2551,OU
2479,2552,PU
2480,2553,RU
2481,2554,OU
2482,2555,NU
2483,2556,NU
2484,2557,UUBL
2485,2558,RUBL
2486,2559,Untiered
2487,2560,PU
2488,2561,Untiered
2489,2562,OU
2490,2563,UU
2491,2564,UU
2492,2565,RU
2493,2566,PU
2494,2567,PU
2495,2568,RUBL
2496,2569,NU
2497,2570,PU
2498,2571,PU
2499,2572,UU
2500,2573,RU
2501,2574,OU
2502,2575,LC
2503,2576,RU
2504,2577,NU
2505,2578,OU
2506,2579,Uber
2507,2580,Uber
2508,2581,OU
2509,2582,Untiered
2510,2583,Uber
2511,2584,Uber
2512,2585,UU
2513,2586,Untiered
2514,2587,RUBL
2515,2588,OU
2516,2589,Uber
2517,2590,RUBL
2518,2591,Uber
2519,2592,Uber
2520,2593,Uber
2521,2594,Uber
2522,2595,Uber
2523,2596,Uber
2524,2597,Uber
2525,2598,Uber
2526,2599,Uber
2527,2600,Uber
2528,2601,Uber
2529,2602,Uber
2530,2603,Uber
2531,2604,Uber
2532,2605,Uber
2533,2606,Uber
2534,2607,Uber
2535,2608,Uber
2536,2609,Uber
2537,2610,UUBL
2538,2611,LC
2539,2612,NFE
2540,2613,OU
2541,2614,LC
2542,2615,NFE
2543,2616,NFE
2544,2617,LC
2545,2618,RU
2546,2619,LC
2547,2620,NFE
2548,2621,NU
2549,2622,LC
2550,2623,Untiered
2551,2624,LC
2552,2625,NFE
2553,2626,PU
2554,2627,LC
2555,2628,OU
2556,2629,NU
2557,2630,LC
2558,2631,Untiered
2559,2632,LC
2560,2633,Untiered
2561,2634,LC
2562,2635,Untiered
2563,2636,LC
2564,2637,PUBL
2565,2638,LC
2566,2639,LC
2567,2640,NFE
2568,2641,Untiered
2569,2642,LC
2570,2643,PU
2571,2644,LC
2572,2645,NFE
2573,2646,Untiered
2574,2647,LC
2575,2648,Untiered
2576,2649,LC
2577,2650,Untiered
2578,2651,OU
2579,2652,PU
2580,2653,LC
2581,2654,NU
2582,2655,UUBL
2583,2656,LC
2584,2657,NFE
2585,2658,RU
2586,2659,PUBL
2587,2660,RU
2588,2661,LC
2589,2662,LC
2590,2663,NFE
2591,2664,PU
2592,2665,LC
2593,2666,NFE
2594,2667,UUBL
2595,2668,LC
2596,2669,UU
2597,2670,LC
2598,2671,NU
2599,2672,Untiered
2600,2673,PU
2601,2674,PU
2602,2675,LC
2603,2676,NFE
2604,2677,UU
2605,2678,LC
2606,2679,UU
2607,2680,Untiered
2608,2681,LC
2609,2682,PU
2610,2683,LC
2611,2684,LC
2612,2685,RU
2613,2686,RU
2614,2687,LC
2615,2688,RU
2616,2689,LC
2617,2690,PUBL
2618,2691,LC
2619,2692,NU
2620,2693,LC
2621,2694,NU
2622,2695,NU
2623,2696,LC
2624,2697,RUBL
2625,2698,LC
2626,2699,RU
2627,2700,LC
2628,2701,NFE
2629,2702,Untiered
2630,2703,LC
2631,2704,NFE
2632,2705,UU
2633,2706,LC
2634,2707,LC
2635,2708,PU
2636,2709,LC
2637,2710,NFE
2638,2711,Untiered
2639,2712,LC
2640,2713,Untiered
2641,2714,Untiered
2642,2715,LC
2643,2716,RU
2644,2717,UU
2645,2718,LC
2646,2719,OU
2647,2720,LC
2648,2721,RU
2649,2722,RU
2650,2723,LC
2651,2724,UU
2652,2725,NU
2653,2726,OU
2654,2727,LC
2655,2728,NU
2656,2729,LC
2657,2730,NFE
2658,2731,NU
2659,2732,LC
2660,2733,NFE
2661,2734,RU
2662,2735,LC
2663,2736,PU
2664,2737,LC
2665,2738,NFE
2666,2739,UU
2667,2740,NFE
2668,2741,LC
2669,2742,NFE
2670,2743,UU
2671,2744,LC
2672,2745,Untiered
2673,2746,PU
2674,2747,LC
2675,2748,RU
2676,2749,PU
2677,2750,LC
2678,2751,NU
2679,2752,UU
2680,2753,RU
2681,2754,LC
2682,2755,NU
2683,2756,PU
2684,2757,OU
2685,2758,PU
2686,2759,LC
2687,2760,RU
2688,2761,PU
2689,2762,LC
2690,2763,UU
2691,2764,Untiered
2692,2765,RUBL
2693,2766,LC
2694,2767,NFE
2695,2768,UU
2696,2769,LC
2697,2770,UUBL
2698,2771,UU
2699,2772,UUBL
2700,2773,PU
2701,2774,RU
2702,2775,UU
2703,2776,OU
2704,2777,OU
2705,2778,UUBL
2706,2779,Uber
2707,2780,Uber
2708,2781,Uber
2709,2782,OU
2710,2783,RUBL
2711,2784,OU
2712,2785,Uber
2713,2786,OU
2714,2787,OU
2715,2788,RU
2716,2789,Uber
2717,2790,Uber
2718,2791,Uber
2719,2792,Uber
2720,2793,Uber
2721,2794,UUBL
2722,2795,LC
2723,2796,NFE
2724,2797,UU
2725,2798,LC
2726,2799,NFE
2727,2800,RU
2728,2801,LC
2729,2802,NFE
2730,2803,Uber
2731,2804,LC
2732,2805,LC
2733,2806,UUBL
2734,2807,LC
2735,2808,RU
2736,2809,OU
2737,2810,LC
2738,2811,NFE
2739,2812,NU
2740,2813,NU
2741,2814,NU
2742,2815,LC
2743,2816,NU
2744,2817,LC
2745,2818,PUBL
2746,2819,NFE
2747,2820,UU
2748,2821,LC
2749,2822,Untiered
2750,2823,LC
2751,2824,RUBL
2752,2825,Untiered
2753,2826,LC
2754,2827,Untiered
2755,2828,Untiered
2756,2829,LC
2757,2830,UU
2758,2831,UU
2759,2832,Uber
2760,2833,LC
2761,2834,RU
2762,2835,NFE
2763,2836,UUBL
2764,2837,LC
2765,2838,NU
2766,2839,LC
2767,2840,NU
2768,2841,LC
2769,2842,LC
2770,2843,RUBL
2771,2844,LC
2772,2845,RU
2773,2846,LC
2774,2847,UU
2775,2848,LC
2776,2849,RUBL
2777,2850,LC
2778,2851,NU
2779,2852,LC
2780,2853,NFE
2781,2854,UU
2782,2855,UUBL
2783,2856,Untiered
2784,2857,Untiered
2785,2858,LC
2786,2859,NFE
2787,2860,UU
2788,2861,UU
2789,2862,LC
2790,2863,PU
2791,2864,PUBL
2792,2865,LC
2793,2866,LC
2794,2867,LC
2795,2868,LC
2796,2869,Untiered
2797,2870,Untiered
2798,2871,Untiered
2799,2872,PU
2800,2873,LC
2801,2874,PU
2802,2875,LC
2803,2876,RUBL
2804,2877,Uber
2805,2878,Uber
2806,2879,UUBL
2807,2880,RU
2808,2881,LC
2809,2882,RU
2810,2883,Uber
2811,2884,OU
2812,2885,UU
2813,2886,LC
2814,2887,NFE
2815,2888,PU
2816,2889,LC
2817,2890,PU
2818,2891,LC
2819,2892,NFE
2820,2893,OU
2821,2894,LC
2822,2895,RU
2823,2896,Untiered
2824,2897,LC
2825,2898,PU
2826,2899,LC
2827,2900,Untiered
2828,2901,LC
2829,2902,PU
2830,2903,RU
2831,2904,LC
2832,2905,UU
2833,2906,LC
2834,2907,NU
2835,2908,OU
2836,2909,LC
2837,2910,LC
2838,2911,Untiered
2839,2912,LC
2840,2913,PU
2841,2914,Uber
2842,2915,OU
2843,2916,Uber
2844,2917,OU
2845,2918,Untiered
2846,2919,RUBL
2847,2920,OU
2848,2921,Uber
2849,2922,UUBL
2850,2923,Uber
2851,2924,OU
2852,2925,RUBL
2853,2926,OU
2854,2927,OU
2855,2928,UU
2856,2929,AG
2857,2930,OU
2858,2931,RU
2859,2932,OU
2860,2933,RUBL
2861,2934,OU
2862,2935,UUBL
2863,2936,UU
2864,2937,Untiered
2865,2938,Uber
2866,2939,OU
2867,2940,OU
2868,2941,OU
2869,2942,UU
2870,2943,Uber
2871,2944,Uber
2872,2945,UU
2873,2946,UU
2874,2947,NU
2875,2948,OU
2876,2949,Untiered
2877,2950,Uber
2878,2951,Untiered
2879,2952,UUBL
2880,2953,Uber
2881,2954,OU
2882,2955,UUBL
2883,2956,UU
2884,2957,UU
2885,2958,RU
2886,2959,Uber
2887,2960,RU
2888,2961,OU
2889,2962,OU
2890,2963,Uber
2891,2964,OU
2892,2965,CAP
2893,2966,UUBL
2894,2967,UU
2895,2968,Uber
2896,2969,RU
2897,2970,UU
2898,2971,UU
2899,2974,CAP
2900,2976,CAP
2901,2977,CAP
2902,2978,CAP
2903,2979,CAP
2904,2980,CAP
2905,2982,CAP
2906,2983,CAP
2907,2985,CAP
2908,2987,CAP
2909,2988,CAP
2910,2991,CAP
2911,2993,CAP
2912,2994,CAP
2913,2996,CAP
2914,2998,CAP
2915,3000,CAP
2916,3003,CAP
2917,3004,CAP
2918,3007,CAP
2919,3008,CAP
2920,3010,CAP
2921,3013,CAP
2922,3017,CAP
2923,3020,CAP
2924,3022,CAP
2925,3023,CAP
2926,3030,CAP
2927,3032,LC
2928,3033,LC
2929,3034,LC
2930,3035,Untiered
2931,3036,LC
2932,3037,Untiered
2933,3038,NU
2934,3039,LC
2935,3040,Untiered
2936,3041,RU
2937,3042,RU
2938,3043,NU
2939,3044,PU
2940,3045,LC
2941,3046,LC
2942,3047,NFE
2943,3048,NU
2944,3049,LC
2945,3050,NU
2946,3051,OU
2947,3052,PU
2948,3053,PU
2949,3054,LC
2950,3055,NFE
2951,3056,LC
2952,3057,Untiered
2953,3058,Untiered
2954,3059,LC
2955,3060,UU
2956,3061,Untiered
2957,3062,PU
2958,3063,Untiered
2959,3064,NFE
2960,3065,NFE
2961,3066,Untiered
2962,3067,PUBL
2963,3068,LC
2964,3069,LC
2965,3070,UUBL
2966,3071,Untiered
2967,3072,Untiered
2968,3073,LC
2969,3075,NU
2970,3076,RU
2971,3077,Untiered
2972,3078,NFE
2973,3079,LC
2974,3080,PU
2975,3081,NFE
2976,3082,LC
2977,3083,PU
2978,3084,NU
2979,3085,RU
2980,3086,PU
2981,3087,OU
2982,3088,UU
2983,3089,LC
2984,3090,NFE
2985,3091,UUBL
2986,3092,Untiered
2987,3093,Uber
2988,3094,UU
2989,3095,LC
2990,3096,NFE
2991,3097,Untiered
2992,3098,LC
2993,3099,NFE
2994,3100,NU
2995,3101,LC
2996,3102,NFE
2997,3103,LC
2998,3104,UU
2999,3105,LC
3000,3106,Untiered
3001,3107,LC
3002,3108,Untiered
3003,3109,LC
3004,3110,Untiered
3005,3111,LC
3006,3112,Untiered
3007,3113,UU
3008,3114,NFE
3009,3115,LC
3010,3116,PU
3011,3117,LC
3012,3118,LC
3013,3119,LC
3014,3120,LC
3015,3121,NFE
3016,3122,LC
3017,3123,NU
3018,3124,LC
3019,3125,Untiered
3020,3126,NFE
3021,3127,Untiered
3022,3128,Untiered
3023,3129,NFE
3024,3130,OU
3025,3131,Untiered
3026,3132,Untiered
3027,3133,LC
3028,3134,NFE
3029,3135,Untiered
3030,3136,LC
3031,3137,LC
3032,3138,NFE
3033,3139,LC
3034,3140,Untiered
3035,3141,NFE
3036,3142,LC
3037,3143,UUBL
3038,3144,RU
3039,3145,RU
3040,3146,NFE
3041,3147,NU
3042,3148,NFE
3043,3149,Untiered
3044,3150,Untiered
3045,3151,Untiered
3046,3152,NFE
3047,3153,Untiered
3048,3154,Untiered
3049,3155,Untiered
3050,3156,LC
3051,3157,RU
3052,3158,Untiered
3053,3159,UU
3054,3160,NU
3055,3161,LC
3056,3162,LC
3057,3163,Untiered
3058,3164,PU
3059,3165,UU
3060,3166,Untiered
3061,3167,RUBL
3062,3168,NU
3063,3169,LC
3064,3170,Untiered
3065,3171,LC
3066,3172,Untiered
3067,3173,Untiered
3068,3174,LC
3069,3175,NU
3070,3176,Untiered
3071,3177,LC
3072,3178,Untiered
3073,3179,Untiered
3074,3180,RU
3075,3181,OU
3076,3182,LC
3077,3183,PUBL
3078,3184,LC
3079,3185,NUBL
3080,3186,LC
3081,3187,RU
3082,3188,RU
3083,3189,Untiered
3084,3190,Untiered
3085,3191,LC
3086,3192,NU
3087,3193,LC
3088,3194,LC
3089,3195,Untiered
3090,3196,LC
3091,3197,NU
3092,3198,UU
3093,3199,RU
3094,3200,RUBL
3095,3201,UU
3096,3202,LC
3097,3203,NFE
3098,3204,OU
3099,3205,Uber
3100,3206,NFE
3101,3207,Untiered
3102,3208,Untiered
3103,3209,Untiered
3104,3210,Untiered
3105,3211,Untiered
3106,3212,Untiered
3107,3214,Untiered
3108,3215,Uber
3109,3216,UU
3110,3217,LC
3111,3218,NFE
3112,3219,NU
3113,3220,LC
3114,3221,NFE
3115,3222,Uber
3116,3223,LC
3117,3224,NFE
3118,3225,Untiered
3119,3226,PU
3120,3227,UU
3121,3228,LC
3122,3229,Untiered
3123,3230,LC
3124,3231,RUBL
3125,3232,LC
3126,3233,NFE
3127,3234,Untiered
3128,3235,NFE
3129,3236,Untiered
3130,3237,LC
3131,3238,LC
3132,3239,LC
3133,3240,NFE
3134,3241,PU
3135,3242,LC
3136,3243,NFE
3137,3244,Untiered
3138,3245,LC
3139,3246,RU
3140,3247,NFE
3141,3248,OU
3142,3249,Untiered
3143,3250,PU
3144,3251,LC
3145,3252,NFE
3146,3253,RU
3147,3254,LC
3148,3255,Untiered
3149,3256,LC
3150,3257,UUBL
3151,3258,LC
3152,3259,NFE
3153,3260,Untiered
3154,3261,LC
3155,3262,LC
3156,3263,Untiered
3157,3264,Untiered
3158,3265,LC
3159,3266,NFE
3160,3267,NUBL
3161,3268,LC
3162,3269,NU
3163,3270,LC
3164,3271,LC
3165,3272,RU
3166,3273,NFE
3167,3274,LC
3168,3275,Untiered
3169,3276,PU
3170,3277,Untiered
3171,3278,LC
3172,3279,NFE
3173,3280,PU
3174,3281,NFE
3175,3282,NU
3176,3283,LC
3177,3284,RU
3178,3285,PU
3179,3286,Untiered
3180,3287,Untiered
3181,3288,Untiered
3182,3289,Untiered
3183,3290,PU
3184,3291,LC
3185,3292,Untiered
3186,3293,LC
3187,3294,RUBL
3188,3295,LC
3189,3296,LC
3190,3297,Untiered
3191,3298,LC
3192,3299,Untiered
3193,3300,Untiered
3194,3301,LC
3195,3302,Untiered
3196,3303,Untiered
3197,3304,NFE
3198,3305,NFE
3199,3306,NFE
3200,3307,RU
3201,3308,LC
3202,3309,Untiered
3203,3310,LC
3204,3311,Untiered
3205,3312,PU
3206,3313,Untiered
3207,3314,Untiered
3208,3315,Untiered
3209,3316,LC
3210,3317,UU
3211,3318,Untiered
3212,3319,LC
3213,3320,UU
3214,3321,LC
3215,3322,PU
3216,3323,LC
3217,3324,Untiered
3218,3325,LC
3219,3326,Untiered
3220,3327,LC
3221,3328,PU
3222,3329,RU
3223,3330,Untiered
3224,3331,Untiered
3225,3332,LC
3226,3333,Untiered
3227,3334,LC
3228,3335,NFE
3229,3336,Untiered
3230,3337,Untiered
3231,3338,PU
3232,3339,OU
3233,3340,LC
3234,3341,LC
3235,3342,Untiered
3236,3343,LC
3237,3344,NFE
3238,3345,Untiered
3239,3346,LC
3240,3347,Untiered
3241,3348,Untiered
3242,3349,Untiered
3243,3350,NFE
3244,3351,LC
3245,3352,Untiered
3246,3353,LC
3247,3354,NFE
3248,3355,UUBL
3249,3356,LC
3250,3357,NFE
3251,3358,RU
3252,3359,PU
3253,3360,Untiered
3254,3361,RU
3255,3362,RU
3256,3363,UUBL
3257,3364,UU
3258,3365,UUBL
3259,3366,Uber
3260,3367,Uber
3261,3368,Uber
3262,3369,OU
3263,3370,Uber
3264,3371,Uber
3265,3372,Uber
3266,3373,Uber
3267,3374,LC
3268,3375,NFE
3269,3376,Untiered
3270,3377,NFE
3271,3378,LC
3272,3379,NFE
3273,3380,UU
3274,3381,LC
3275,3382,NFE
3276,3383,UU
3277,3384,LC
3278,3385,NFE
3279,3386,UUBL
3280,3387,LC
3281,3388,LC
3282,3389,Untiered
3283,3390,Untiered
3284,3391,LC
3285,3392,Untiered
3286,3393,LC
3287,3394,NFE
3288,3395,Untiered
3289,3396,LC
3290,3397,RU
3291,3398,LC
3292,3399,Untiered
3293,3400,LC
3294,3401,LC
3295,3402,Untiered
3296,3403,LC
3297,3404,Untiered
3298,3405,Untiered
3299,3406,Untiered
3300,3407,Untiered
3301,3408,LC
3302,3409,Untiered
3303,3410,Untiered
3304,3411,LC
3305,3412,Untiered
3306,3413,NU
3307,3414,LC
3308,3415,Untiered
3309,3416,LC
3310,3417,PU
3311,3418,NU
3312,3419,NFE
3313,3420,Untiered
3314,3421,LC
3315,3422,Untiered
3316,3423,NU
3317,3424,LC
3318,3425,RU
3319,3426,LC
3320,3427,Untiered
3321,3428,LC
3322,3429,LC
3323,3430,PU
3324,3431,LC
3325,3432,RU
3326,3433,LC
3327,3434,LC
3328,3435,NFE
3329,3436,LC
3330,3437,Untiered
3331,3438,PU
3332,3439,LC
3333,3440,NFE
3334,3441,OU
3335,3442,LC
3336,3443,LC
3337,3444,UU
3338,3445,LC
3339,3446,NUBL
3340,3447,UU
3341,3448,LC
3342,3449,RU
3343,3450,LC
3344,3451,RU
3345,3452,Untiered
3346,3453,LC
3347,3454,Untiered
3348,3455,LC
3349,3456,LC
3350,3457,LC
3351,3458,PU
3352,3459,UUBL
3353,3460,OU
3354,3461,Untiered
3355,3462,RU
3356,3463,OU
3357,3464,Untiered
3358,3465,NU
3359,3466,UU
3360,3467,RU
3361,3468,Untiered
3362,3469,Untiered
3363,3470,Untiered
3364,3471,OU
3365,3472,UU
3366,3473,UUBL
3367,3474,PUBL
3368,3475,Untiered
3369,3476,Untiered
3370,3477,UU
3371,3478,NU
3372,3479,Untiered
3373,3480,PU
3374,3481,UU
3375,3482,RU
3376,3483,OU
3377,3484,LC
3378,3485,RU
3379,3486,NU
3380,3487,UU
3381,3488,Uber
3382,3489,Uber
3383,3490,OU
3384,3491,Untiered
3385,3492,Uber
3386,3493,Uber
3387,3494,RU
3388,3495,Untiered
3389,3496,RUBL
3390,3497,OU
3391,3498,Uber
3392,3499,RU
3393,3500,Uber
3394,3501,Uber
3395,3502,Uber
3396,3503,Uber
3397,3504,Uber
3398,3505,Uber
3399,3506,Uber
3400,3507,Uber
3401,3508,Uber
3402,3509,Uber
3403,3510,Uber
3404,3511,Uber
3405,3512,Uber
3406,3513,Uber
3407,3514,Uber
3408,3515,Uber
3409,3516,Uber
3410,3517,Uber
3411,3518,Uber
3412,3519,OU
3413,3520,LC
3414,3521,NFE
3415,3522,OU
3416,3523,LC
3417,3524,NFE
3418,3525,NFE
3419,3526,LC
3420,3527,LC
3421,3528,NUBL
3422,3529,LC
3423,3530,NFE
3424,3531,NU
3425,3532,LC
3426,3533,Untiered
3427,3534,LC
3428,3535,NFE
3429,3536,PU
3430,3537,LC
3431,3538,Untiered
3432,3539,PU
3433,3540,PU
3434,3541,LC
3435,3542,Untiered
3436,3543,LC
3437,3544,Untiered
3438,3545,LC
3439,3546,Untiered
3440,3547,LC
3441,3548,PU
3442,3549,LC
3443,3550,LC
3444,3551,LC
3445,3552,NFE
3446,3553,Untiered
3447,3554,LC
3448,3555,Untiered
3449,3556,LC
3450,3557,NFE
3451,3558,RU
3452,3559,LC
3453,3560,Untiered
3454,3561,LC
3455,3562,Untiered
3456,3563,PU
3457,3564,OU
3458,3565,PU
3459,3566,LC
3460,3567,PU
3461,3568,UUBL
3462,3569,LC
3463,3570,NFE
3464,3571,NU
3465,3572,Untiered
3466,3573,PUBL
3467,3574,LC
3468,3575,LC
3469,3576,NFE
3470,3577,Untiered
3471,3578,LC
3472,3579,NFE
3473,3580,UUBL
3474,3581,LC
3475,3582,NU
3476,3583,LC
3477,3584,PUBL
3478,3585,Untiered
3479,3586,Untiered
3480,3587,Untiered
3481,3588,LC
3482,3589,NFE
3483,3590,UU
3484,3591,LC
3485,3592,RUBL
3486,3593,Untiered
3487,3594,LC
3488,3595,Untiered
3489,3596,LC
3490,3597,LC
3491,3598,NU
3492,3599,NU
3493,3600,LC
3494,3601,NUBL
3495,3602,LC
3496,3603,PU
3497,3604,LC
3498,3605,PUBL
3499,3606,LC
3500,3607,NU
3501,3608,PU
3502,3609,LC
3503,3610,RUBL
3504,3611,LC
3505,3612,PUBL
3506,3613,NFE
3507,3614,NFE
3508,3615,Untiered
3509,3616,LC
3510,3617,NFE
3511,3618,RUBL
3512,3619,LC
3513,3620,LC
3514,3621,Untiered
3515,3622,LC
3516,3623,NFE
3517,3624,NUBL
3518,3625,LC
3519,3626,Untiered
3520,3627,Untiered
3521,3628,LC
3522,3629,RU
3523,3630,RU
3524,3631,LC
3525,3632,UU
3526,3633,LC
3527,3634,PU
3528,3635,UU
3529,3636,LC
3530,3637,RU
3531,3638,PU
3532,3639,OU
3533,3640,LC
3534,3641,PUBL
3535,3642,LC
3536,3643,NFE
3537,3644,NU
3538,3645,LC
3539,3646,NFE
3540,3647,PU
3541,3648,LC
3542,3649,Untiered
3543,3650,LC
3544,3651,NFE
3545,3652,UU
3546,3653,NFE
3547,3654,LC
3548,3655,NFE
3549,3656,UU
3550,3657,LC
3551,3658,Untiered
3552,3659,PU
3553,3660,LC
3554,3661,NU
3555,3662,Untiered
3556,3663,LC
3557,3664,Untiered
3558,3665,RUBL
3559,3666,NU
3560,3667,LC
3561,3668,PU
3562,3669,LC
3563,3670,UU
3564,3671,Untiered
3565,3672,LC
3566,3673,NU
3567,3674,LC
3568,3675,LC
3569,3676,RU
3570,3677,Untiered
3571,3678,RUBL
3572,3679,LC
3573,3680,NFE
3574,3681,UU
3575,3682,LC
3576,3683,OU
3577,3684,UU
3578,3685,UU
3579,3686,NFE
3580,3687,RU
3581,3688,RUBL
3582,3689,OU
3583,3690,UUBL
3584,3691,UUBL
3585,3692,Uber
3586,3693,Uber
3587,3694,Uber
3588,3695,OU
3589,3696,RUBL
3590,3697,OU
3591,3698,Uber
3592,3699,OU
3593,3700,OU
3594,3701,RUBL
3595,3702,Uber
3596,3703,Uber
3597,3704,Uber
3598,3705,Uber
3599,3706,Uber
3600,3707,UUBL
3601,3708,LC
3602,3709,NFE
3603,3710,UU
3604,3711,LC
3605,3712,NFE
3606,3713,NU
3607,3714,LC
3608,3715,NFE
3609,3716,OU
3610,3717,LC
3611,3718,LC
3612,3719,UUBL
3613,3720,LC
3614,3721,NFE
3615,3722,RUBL
3616,3723,LC
3617,3724,NFE
3618,3725,NU
3619,3726,NU
3620,3727,NU
3621,3728,LC
3622,3729,PUBL
3623,3730,LC
3624,3731,NFE
3625,3732,NFE
3626,3733,RU
3627,3734,LC
3628,3735,Untiered
3629,3736,LC
3630,3737,NU
3631,3738,Untiered
3632,3739,LC
3633,3740,Untiered
3634,3741,Untiered
3635,3742,LC
3636,3743,RU
3637,3744,UU
3638,3745,Uber
3639,3746,LC
3640,3747,PUBL
3641,3748,NFE
3642,3749,NUBL
3643,3750,LC
3644,3751,NU
3645,3752,LC
3646,3753,NUBL
3647,3754,LC
3648,3755,LC
3649,3756,RU
3650,3757,LC
3651,3758,NU
3652,3759,LC
3653,3760,NU
3654,3761,LC
3655,3762,RU
3656,3763,LC
3657,3764,PU
3658,3765,LC
3659,3766,NFE
3660,3767,UU
3661,3768,OU
3662,3769,Untiered
3663,3770,Untiered
3664,3771,LC
3665,3772,NFE
3666,3773,RU
3667,3774,UU
3668,3775,LC
3669,3776,Untiered
3670,3777,PU
3671,3778,LC
3672,3779,LC
3673,3780,LC
3674,3781,LC
3675,3782,Untiered
3676,3783,Untiered
3677,3784,Untiered
3678,3785,Untiered
3679,3786,LC
3680,3787,Untiered
3681,3788,LC
3682,3789,RU
3683,3790,Uber
3684,3791,Uber
3685,3792,Uber
3686,3793,RU
3687,3794,RU
3688,3795,LC
3689,3796,RU
3690,3797,UUBL
3691,3798,UU
3692,3799,LC
3693,3800,NFE
3694,3801,NU
3695,3802,LC
3696,3803,NFE
3697,3804,NU
3698,3805,LC
3699,3806,NFE
3700,3807,UU
3701,3808,UU
3702,3809,LC
3703,3810,NFE
3704,3811,Untiered
3705,3812,LC
3706,3813,Untiered
3707,3814,Untiered
3708,3815,LC
3709,3816,NFE
3710,3817,NU
3711,3818,NU
3712,3819,LC
3713,3820,LC
3714,3821,LC
3715,3822,Untiered
3716,3823,Untiered
3717,3824,Untiered
3718,3825,PU
3719,3826,PU
3720,3827,NFE
3721,3828,RU
3722,3829,RU
3723,3830,LC
3724,3831,PU
3725,3832,RU
3726,3833,Untiered
3727,3834,Untiered
3728,3835,LC
3729,3836,OU
3730,3837,LC
3731,3838,NFE
3732,3839,NFE
3733,3840,PU
3734,3841,LC
3735,3842,RU
3736,3843,RU
3737,3844,LC
3738,3845,PU
3739,3846,PU
3740,3847,LC
3741,3848,Untiered
3742,3849,LC
3743,3850,RU
3744,3851,RU
3745,3852,LC
3746,3853,Untiered
3747,3854,Untiered
3748,3855,RU
3749,3856,LC
3750,3857,NFE
3751,3858,RU
3752,3859,NU
3753,3860,Untiered
3754,3861,NU
3755,3862,LC
3756,3863,RU
3757,3864,LC
3758,3865,LC
3759,3866,NU
3760,3867,Untiered
3761,3868,Untiered
3762,3869,Untiered
3763,3870,Untiered
3764,3871,Untiered
3765,3872,Untiered
3766,3873,Untiered
3767,3874,PU
3768,3875,Untiered
3769,3876,Untiered
3770,3877,Untiered
3771,3878,PU
3772,3879,Untiered
3773,3880,Untiered
3774,3881,Untiered
3775,3882,Untiered
3776,3883,Untiered
3777,3884,Untiered
3778,3885,NU
3779,3886,Untiered
3780,3887,NU
3781,3888,Untiered
3782,3889,Untiered
3783,3890,NU
3784,3891,NU
3785,3892,UU
3786,3893,UU
3787,3894,NUBL
3788,3895,Untiered
3789,3896,PU
3790,3897,NU
3791,3898,LC
3792,3899,NFE
3793,3900,OU
3794,3901,OU
3795,3902,OU
3796,3903,OU
3797,3904,OU
3798,3905,OU
3799,3906,LC
3800,3907,LC
3801,3908,NFE
3802,3909,Uber
3803,3910,Uber
3804,3911,UU
3805,3912,UUBL
3806,3913,Uber
3807,3914,UUBL
3808,3915,OU
3809,3916,OU
3810,3917,PUBL
3811,3918,NFE
3812,3919,RU
3813,3920,RU
3814,3921,Uber
3815,3922,Uber
3816,3923,OU
3817,3924,Uber
3818,3925,NFE
3819,3926,Uber
3820,3927,RUBL
3821,3928,OU
3822,3929,UU
3823,3932,LC
3824,3933,UU
3825,3934,Untiered
3826,3935,LC
3827,3936,PU
3828,3937,LC
3829,3938,Untiered
3830,3939,LC
3831,3940,LC
3832,3941,Untiered
3833,3942,UU
3834,3943,NU
3835,3944,LC
3836,3945,RU
3837,3946,LC
3838,3947,PU
3839,3948,UU
3840,3949,LC
3841,3950,LC
3842,3951,Untiered
3843,3952,LC
3844,3953,PUBL
3845,3954,Untiered
3846,3955,AG
3847,3956,OU
3848,3957,UUBL
3849,3958,RU
3850,3959,OU
3851,3960,OU
3852,3961,UU
3853,3962,OU
3854,3963,UUBL
3855,3964,OU
3856,3965,OU
3857,3966,UU
3858,3967,UU
3859,3968,UUBL
3860,3969,UU
3861,3970,UU
3862,3971,Uber
3863,3972,Uber
3864,3973,OU
3865,3974,Uber
3866,3975,RU
3867,3976,RU
3868,3977,RUBL
3869,3978,Uber
3870,3979,Untiered
3871,3980,Uber
3872,3981,RUBL
3873,3982,Untiered
3874,3983,OU
3875,3984,OU
3876,3985,UUBL
3877,3986,Uber
3878,3987,UU
3879,3988,RU
3880,3989,NU
3881,3990,Uber
3882,3991,UU
3883,3992,UU
3884,3993,OU
3885,3994,Uber
3886,3995,NU
3887,3996,RUBL
3888,3997,Uber
3889,3998,OU
3890,3999,Untiered
3891,4000,OU
3892,4001,UU
3893,4002,CAP
3894,4003,NU
3895,4004,Untiered
3896,4005,NU
3897,4006,NUBL
3898,4007,Uber
3899,4008,Uber
3900,4009,UU
3901,4010,Uber
3902,4011,UU
3903,4012,RUBL
3904,4013,Uber
3905,4014,OU
3906,4015,UUBL
3907,4016,OU
3908,4017,UUBL
3909,4018,OU
3910,4021,CAP
3911,4023,CAP
3912,4024,CAP
3913,4025,CAP
3914,4026,CAP
3915,4027,CAP
3916,4029,CAP
3917,4030,CAP
3918,4032,CAP
3919,4034,CAP
3920,4035,CAP
3921,4038,CAP
3922,4040,CAP
3923,4041,CAP
3924,4043,CAP
3925,4045,CAP
3926,4047,CAP
3927,4050,CAP
3928,4051,CAP
3929,4054,CAP
3930,4055,CAP
3931,4057,CAP
3932,4060,CAP
3933,4064,CAP
3934,4067,CAP
3935,4069,CAP
3936,4071,CAP
3937,4073,CAP
3938,4074,CAP
3939,4075,CAP
3940,4081,CAP
3941,4082,CAP
3942,4084,CAP
3943,4086,CAP
3944,4088,LC
3945,4089,LC
3946,4090,National Dex
3947,4092,National Dex
3948,4094,LC
3949,4095,Untiered
3950,4096,PUBL
3951,4097,LC
3952,4098,Untiered
3953,4099,RU
3954,4100,National Dex
3955,4101,PU
3956,4102,Untiered
3957,4103,LC
3958,4104,LC
3959,4105,NFE
3960,4106,PU
3961,4107,RU
3962,4108,LC
3963,4109,NFE
3964,4110,UU
3965,4111,NFE
3966,4112,Untiered
3967,4113,LC
3968,4114,NFE
3969,4115,LC
3970,4116,Untiered
3971,4117,Untiered
3972,4118,LC
3973,4119,NU
3974,4120,Untiered
3975,4121,NFE
3976,4122,PUBL
3977,4123,Untiered
3978,4124,NFE
3979,4125,NFE
3980,4126,Untiered
3981,4127,NU
3982,4128,LC
3983,4129,National Dex
3984,4130,UU
3985,4131,Untiered
3986,4132,Untiered
3987,4133,LC
3988,4134,National Dex
3989,4135,NU
3990,4136,PU
3991,4137,Untiered
3992,4138,LC
3993,4139,LC
3994,4140,PUBL
3995,4141,National Dex
3996,4142,LC
3997,4143,Untiered
3998,4144,NU
3999,4145,NU
4000,4146,Untiered
4001,4147,PU
4002,4148,OU
4003,4149,UUBL
4004,4150,UU
4005,4151,UUBL
4006,4152,LC
4007,4153,NFE
4008,4154,OU
4009,4155,National Dex
4010,4156,Uber
4011,4157,OU
4012,4158,National Dex
4013,4159,National Dex
4014,4160,National Dex
4015,4161,National Dex
4016,4162,National Dex
4017,4163,National Dex
4018,4165,National Dex
4019,4166,National Dex
4020,4167,National Dex
4021,4168,National Dex
4022,4169,National Dex
4023,4170,National Dex
4024,4171,LC
4025,4172,Untiered
4026,4173,National Dex
4027,4174,National Dex
4028,4175,National Dex
4029,4176,National Dex
4030,4177,RU
4031,4178,National Dex
4032,4179,LC
4033,4180,PU
4034,4181,LC
4035,4182,LC
4036,4183,LC
4037,4184,LC
4038,4185,NFE
4039,4186,LC
4040,4187,NU
4041,4188,National Dex
4042,4189,National Dex
4043,4190,National Dex
4044,4191,National Dex
4045,4192,Untiered
4046,4193,NFE
4047,4194,UU
4048,4195,Untiered
4049,4196,Untiered
4050,4197,National Dex
4051,4198,National Dex
4052,4199,National Dex
4053,4200,National Dex
4054,4201,National Dex
4055,4202,National Dex
4056,4203,National Dex
4057,4204,National Dex
4058,4205,National Dex
4059,4206,LC
4060,4207,PU
4061,4208,PUBL
4062,4209,RU
4063,4210,National Dex
4064,4211,UU
4065,4212,OU
4066,4213,NFE
4067,4214,National Dex
4068,4215,National Dex
4069,4216,National Dex
4070,4217,National Dex
4071,4218,National Dex
4072,4219,Untiered
4073,4220,National Dex
4074,4221,National Dex
4075,4222,National Dex
4076,4223,Untiered
4077,4224,National Dex
4078,4225,RU
4079,4226,National Dex
4080,4227,National Dex
4081,4228,National Dex
4082,4229,Untiered
4083,4231,UU
4084,4232,Untiered
4085,4233,RU
4086,4234,NFE
4087,4236,National Dex
4088,4237,National Dex
4089,4238,National Dex
4090,4239,National Dex
4091,4240,National Dex
4092,4241,LC
4093,4242,NFE
4094,4243,Untiered
4095,4244,NFE
4096,4245,LC
4097,4246,Untiered
4098,4247,Untiered
4099,4248,NU
4100,4249,UU
4101,4250,National Dex
4102,4251,National Dex
4103,4252,National Dex
4104,4253,PUBL
4105,4254,National Dex
4106,4255,National Dex
4107,4256,RU
4108,4257,National Dex
4109,4258,National Dex
4110,4259,LC
4111,4260,NU
4112,4261,LC
4113,4262,LC
4114,4263,National Dex
4115,4264,NFE
4116,4265,Untiered
4117,4266,OU
4118,4267,RU
4119,4268,NUBL
4120,4269,RU
4121,4270,LC
4122,4271,NFE
4123,4272,OU
4124,4273,Uber
4125,4274,NFE
4126,4275,Untiered
4127,4276,Untiered
4128,4277,Untiered
4129,4278,Untiered
4130,4279,Untiered
4131,4280,Untiered
4132,4281,National Dex
4133,4282,Untiered
4134,4283,Untiered
4135,4284,Uber
4136,4285,RU
4137,4286,LC
4138,4287,NFE
4139,4288,PUBL
4140,4289,LC
4141,4290,NFE
4142,4291,UUBL
4143,4292,LC
4144,4293,NFE
4145,4294,Untiered
4146,4295,PUBL
4147,4296,UU
4148,4297,National Dex
4149,4298,National Dex
4150,4299,NFE
4151,4300,LC
4152,4301,NUBL
4153,4302,NFE
4154,4303,National Dex
4155,4304,National Dex
4156,4305,National Dex
4157,4306,National Dex
4158,4307,National Dex
4159,4308,LC
4160,4309,NUBL
4161,4310,LC
4162,4311,NFE
4163,4312,Untiered
4164,4313,LC
4165,4314,NFE
4166,4315,Untiered
4167,4316,National Dex
4168,4317,National Dex
4169,4318,LC
4170,4319,OU
4171,4320,PU
4172,4321,NUBL
4173,4322,LC
4174,4323,NFE
4175,4324,RU
4176,4325,National Dex
4177,4326,National Dex
4178,4327,National Dex
4179,4328,National Dex
4180,4329,National Dex
4181,4330,National Dex
4182,4331,National Dex
4183,4332,LC
4184,4333,LC
4185,4334,Untiered
4186,4335,Untiered
4187,4336,LC
4188,4337,NFE
4189,4338,NU
4190,4339,National Dex
4191,4340,National Dex
4192,4341,LC
4193,4342,National Dex
4194,4343,UU
4195,4344,NFE
4196,4345,National Dex
4197,4346,National Dex
4198,4347,Untiered
4199,4348,Untiered
4200,4349,LC
4201,4350,NFE
4202,4351,PU
4203,4352,National Dex
4204,4353,National Dex
4205,4354,LC
4206,4355,RU
4207,4356,Untiered
4208,4357,National Dex
4209,4358,National Dex
4210,4359,National Dex
4211,4360,National Dex
4212,4361,NFE
4213,4362,National Dex
4214,4363,National Dex
4215,4364,LC
4216,4365,RU
4217,4366,LC
4218,4367,LC
4219,4368,Untiered
4220,4369,National Dex
4221,4370,National Dex
4222,4371,UU
4223,4372,National Dex
4224,4373,National Dex
4225,4374,National Dex
4226,4375,LC
4227,4376,NFE
4228,4377,NFE
4229,4378,RU
4230,4379,National Dex
4231,4380,National Dex
4232,4381,LC
4233,4382,Untiered
4234,4383,National Dex
4235,4384,National Dex
4236,4385,Untiered
4237,4386,Untiered
4238,4387,LC
4239,4388,UU
4240,4389,Untiered
4241,4390,LC
4242,4391,UU
4243,4392,LC
4244,4393,PU
4245,4394,LC
4246,4395,Untiered
4247,4396,LC
4248,4397,Untiered
4249,4398,LC
4250,4399,NFE
4251,4400,RU
4252,4401,National Dex
4253,4402,National Dex
4254,4403,National Dex
4255,4404,National Dex
4256,4405,LC
4257,4406,NFE
4258,4407,National Dex
4259,4408,National Dex
4260,4409,PU
4261,4410,OU
4262,4411,LC
4263,4412,LC
4264,4413,Untiered
4265,4414,LC
4266,4415,NFE
4267,4416,Untiered
4268,4417,National Dex
4269,4418,National Dex
4270,4419,National Dex
4271,4420,Untiered
4272,4421,LC
4273,4422,NFE
4274,4423,National Dex
4275,4424,LC
4276,4425,NFE
4277,4426,UU
4278,4427,LC
4279,4428,NFE
4280,4429,RU
4281,4430,PU
4282,4431,Untiered
4283,4432,RU
4284,4433,Untiered
4285,4434,OU
4286,4435,UUBL
4287,4436,UUBL
4288,4437,Uber
4289,4438,Uber
4290,4439,Uber
4291,4440,UU
4292,4441,National Dex
4293,4442,National Dex
4294,4443,National Dex
4295,4444,National Dex
4296,4445,National Dex
4297,4446,National Dex
4298,4447,National Dex
4299,4448,NFE
4300,4449,National Dex
4301,4450,National Dex
4302,4451,National Dex
4303,4452,National Dex
4304,4453,National Dex
4305,4454,National Dex
4306,4455,National Dex
4307,4456,National Dex
4308,4457,National Dex
4309,4458,National Dex
4310,4459,LC
4311,4460,Untiered
4312,4461,National Dex
4313,4462,National Dex
4314,4463,National Dex
4315,4464,LC
4316,4465,NFE
4317,4466,Untiered
4318,4467,LC
4319,4468,RU
4320,4469,National Dex
4321,4470,National Dex
4322,4471,LC
4323,4472,National Dex
4324,4473,National Dex
4325,4474,National Dex
4326,4475,National Dex
4327,4476,National Dex
4328,4477,National Dex
4329,4478,National Dex
4330,4479,LC
4331,4480,Untiered
4332,4481,National Dex
4333,4482,National Dex
4334,4483,National Dex
4335,4484,NFE
4336,4485,NFE
4337,4486,Untiered
4338,4487,LC
4339,4488,NU
4340,4489,National Dex
4341,4490,NFE
4342,4491,Untiered
4343,4492,LC
4344,4493,Untiered
4345,4494,National Dex
4346,4495,LC
4347,4496,National Dex
4348,4497,National Dex
4349,4498,National Dex
4350,4499,National Dex
4351,4500,LC
4352,4501,Untiered
4353,4502,LC
4354,4503,RU
4355,4504,LC
4356,4505,LC
4357,4506,NFE
4358,4507,LC
4359,4508,National Dex
4360,4509,Untiered
4361,4510,LC
4362,4511,NFE
4363,4512,OU
4364,4513,LC
4365,4514,LC
4366,4515,RU
4367,4516,LC
4368,4517,NU
4369,4518,UU
4370,4519,LC
4371,4520,NU
4372,4521,LC
4373,4522,NU
4374,4523,National Dex
4375,4524,National Dex
4376,4525,National Dex
4377,4526,LC
4378,4527,LC
4379,4528,National Dex
4380,4529,Untiered
4381,4530,OU
4382,4531,OU
4383,4532,Untiered
4384,4533,RU
4385,4534,UU
4386,4535,Untiered
4387,4536,Untiered
4388,4537,RU
4389,4538,National Dex
4390,4539,National Dex
4391,4540,Untiered
4392,4541,Untiered
4393,4542,National Dex
4394,4543,UU
4395,4544,NUBL
4396,4545,PU
4397,4546,National Dex
4398,4547,Untiered
4399,4548,Untiered
4400,4549,Untiered
4401,4550,Untiered
4402,4551,Untiered
4403,4552,UU
4404,4553,NU
4405,4554,UU
4406,4555,National Dex
4407,4556,Untiered
4408,4557,PU
4409,4558,UU
4410,4559,Uber
4411,4561,Uber
4412,4563,OU
4413,4564,Untiered
4414,4565,Uber
4415,4566,Uber
4416,4567,NUBL
4417,4568,National Dex
4418,4569,National Dex
4419,4570,National Dex
4420,4571,National Dex
4421,4572,National Dex
4422,4573,National Dex
4423,4574,National Dex
4424,4575,National Dex
4425,4576,National Dex
4426,4577,National Dex
4427,4578,National Dex
4428,4579,National Dex
4429,4580,National Dex
4430,4581,National Dex
4431,4582,National Dex
4432,4583,National Dex
4433,4584,National Dex
4434,4585,National Dex
4435,4586,National Dex
4436,4587,National Dex
4437,4588,National Dex
4438,4589,National Dex
4439,4590,National Dex
4440,4591,National Dex
4441,4592,OU
4442,4593,National Dex
4443,4594,National Dex
4444,4595,National Dex
4445,4596,National Dex
4446,4597,National Dex
4447,4598,NFE
4448,4599,LC
4449,4600,LC
4450,4601,National Dex
4451,4602,National Dex
4452,4603,National Dex
4453,4604,National Dex
4454,4606,National Dex
4455,4607,National Dex
4456,4608,LC
4457,4609,NFE
4458,4610,Untiered
4459,4611,LC
4460,4612,Untiered
4461,4613,Untiered
4462,4614,Untiered
4463,4615,National Dex
4464,4616,National Dex
4465,4617,National Dex
4466,4618,National Dex
4467,4619,National Dex
4468,4620,National Dex
4469,4621,LC
4470,4622,Untiered
4471,4623,LC
4472,4624,LC
4473,4625,LC
4474,4626,LC
4475,4627,NFE
4476,4628,Untiered
4477,4629,National Dex
4478,4630,National Dex
4479,4631,LC
4480,4632,NFE
4481,4633,PU
4482,4634,NFE
4483,4635,Untiered
4484,4636,LC
4485,4637,Untiered
4486,4638,Untiered
4487,4639,UU
4488,4640,PU
4489,4641,LC
4490,4642,NFE
4491,4643,UU
4492,4644,LC
4493,4645,NFE
4494,4646,RU
4495,4647,Untiered
4496,4648,Untiered
4497,4649,LC
4498,4650,National Dex
4499,4651,National Dex
4500,4652,National Dex
4501,4653,LC
4502,4654,NFE
4503,4655,RUBL
4504,4656,LC
4505,4657,PU
4506,4658,LC
4507,4659,Untiered
4508,4661,Untiered
4509,4662,Untiered
4510,4663,Untiered
4511,4665,LC
4512,4666,NFE
4513,4667,UU
4514,4668,LC
4515,4669,LC
4516,4670,UU
4517,4671,Uber
4518,4672,Untiered
4519,4673,LC
4520,4674,Untiered
4521,4675,NFE
4522,4676,National Dex
4523,4677,PUBL
4524,4678,NUBL
4525,4679,LC
4526,4680,LC
4527,4681,Untiered
4528,4682,LC
4529,4683,Untiered
4530,4684,LC
4531,4685,PU
4532,4686,LC
4533,4687,PU
4534,4688,National Dex
4535,4689,LC
4536,4691,PUBL
4537,4693,LC
4538,4694,PU
4539,4695,NFE
4540,4696,NFE
4541,4697,Untiered
4542,4698,LC
4543,4699,NFE
4544,4700,RU
4545,4701,LC
4546,4703,National Dex
4547,4704,National Dex
4548,4705,LC
4549,4706,NFE
4550,4707,PUBL
4551,4708,National Dex
4552,4709,National Dex
4553,4710,Untiered
4554,4711,LC
4555,4712,NU
4556,4713,NU
4557,4715,LC
4558,4716,UU
4559,4717,LC
4560,4718,PU
4561,4719,National Dex
4562,4720,LC
4563,4721,PU
4564,4722,PU
4565,4723,OU
4566,4724,LC
4567,4725,PU
4568,4726,LC
4569,4727,NFE
4570,4728,Untiered
4571,4729,National Dex
4572,4730,National Dex
4573,4731,National Dex
4574,4732,LC
4575,4733,Untiered
4576,4734,LC
4577,4735,NFE
4578,4736,RU
4579,4737,NFE
4580,4738,LC
4581,4739,NFE
4582,4740,RUBL
4583,4741,LC
4584,4742,Untiered
4585,4743,Untiered
4586,4744,LC
4587,4745,Untiered
4588,4746,Untiered
4589,4747,Untiered
4590,4748,LC
4591,4749,Untiered
4592,4750,UUBL
4593,4751,PU
4594,4752,LC
4595,4753,NU
4596,4754,LC
4597,4755,OU
4598,4756,Untiered
4599,4757,NFE
4600,4758,NU
4601,4760,NFE
4602,4761,LC
4603,4762,UU
4604,4763,Untiered
4605,4764,RUBL
4606,4765,LC
4607,4766,NFE
4608,4767,UU
4609,4768,LC
4610,4769,OU
4611,4770,UU
4612,4771,UUBL
4613,4772,NFE
4614,4773,PUBL
4615,4774,NUBL
4616,4775,OU
4617,4776,UUBL
4618,4777,UU
4619,4778,Uber
4620,4779,Uber
4621,4780,Uber
4622,4781,OU
4623,4782,Uber
4624,4783,Uber
4625,4784,Uber
4626,4785,UU
4627,4786,UU
4628,4787,National Dex
4629,4788,Uber
4630,4789,Uber
4631,4790,Uber
4632,4791,Uber
4633,4792,Uber
4634,4793,UUBL
4635,4794,National Dex
4636,4795,National Dex
4637,4796,National Dex
4638,4797,National Dex
4639,4798,National Dex
4640,4799,National Dex
4641,4800,National Dex
4642,4801,National Dex
4643,4802,National Dex
4644,4803,LC
4645,4804,LC
4646,4805,RUBL
4647,4806,LC
4648,4807,NFE
4649,4808,NU
4650,4809,National Dex
4651,4810,National Dex
4652,4811,National Dex
4653,4812,National Dex
4654,4813,National Dex
4655,4814,National Dex
4656,4815,National Dex
4657,4816,National Dex
4658,4817,NFE
4659,4818,National Dex
4660,4819,National Dex
4661,4820,National Dex
4662,4821,National Dex
4663,4822,LC
4664,4823,NUBL
4665,4824,National Dex
4666,4825,LC
4667,4826,Untiered
4668,4827,Untiered
4669,4828,LC
4670,4829,NUBL
4671,4830,PU
4672,4831,UUBL
4673,4832,LC
4674,4833,PU
4675,4834,NFE
4676,4835,NUBL
4677,4836,LC
4678,4837,Untiered
4679,4838,LC
4680,4839,NUBL
4681,4840,National Dex
4682,4841,LC
4683,4842,NUBL
4684,4843,LC
4685,4844,PUBL
4686,4845,LC
4687,4846,NU
4688,4847,LC
4689,4848,NU
4690,4849,LC
4691,4850,Untiered
4692,4851,LC
4693,4852,National Dex
4694,4853,NU
4695,4854,UUBL
4696,4855,Untiered
4697,4856,Untiered
4698,4857,LC
4699,4858,NFE
4700,4860,NUBL
4701,4862,RU
4702,4863,LC
4703,4864,Untiered
4704,4865,National Dex
4705,4866,LC
4706,4867,LC
4707,4868,LC
4708,4869,LC
4709,4870,Untiered
4710,4871,Untiered
4711,4872,Untiered
4712,4873,Untiered
4713,4874,LC
4714,4875,Untiered
4715,4877,LC
4716,4878,RU
4717,4879,Uber
4718,4880,Uber
4719,4881,Uber
4720,4882,UU
4721,4883,NU
4722,4884,LC
4723,4885,National Dex
4724,4886,National Dex
4725,4887,OU
4726,4888,LC
4727,4889,NFE
4728,4890,NU
4729,4892,LC
4730,4893,NFE
4731,4894,RU
4732,4895,LC
4733,4896,NFE
4734,4897,RU
4735,4898,UU
4736,4899,National Dex
4737,4900,National Dex
4738,4901,National Dex
4739,4902,National Dex
4740,4903,National Dex
4741,4904,National Dex
4742,4905,LC
4743,4906,NFE
4744,4907,Untiered
4745,4908,National Dex
4746,4909,National Dex
4747,4910,National Dex
4748,4911,National Dex
4749,4912,National Dex
4750,4913,National Dex
4751,4914,National Dex
4752,4915,National Dex
4753,4916,National Dex
4754,4917,NFE
4755,4918,PU
4756,4919,National Dex
4757,4920,LC
4758,4921,PU
4759,4922,UU
4760,4923,Untiered
4761,4924,PU
4762,4925,LC
4763,4926,OU
4764,4927,LC
4765,4928,National Dex
4766,4929,National Dex
4767,4930,NU
4768,4931,LC
4769,4932,PUBL
4770,4933,National Dex
4771,4934,LC
4772,4935,Untiered
4773,4936,National Dex
4774,4937,LC
4775,4938,Untiered
4776,4939,LC
4777,4940,NU
4778,4941,National Dex
4779,4942,LC
4780,4943,National Dex
4781,4944,National Dex
4782,4945,NUBL
4783,4946,LC
4784,4947,NFE
4785,4948,NU
4786,4949,PU
4787,4950,Untiered
4788,4951,NU
4789,4952,LC
4790,4953,RU
4791,4954,LC
4792,4955,LC
4793,4956,LC
4794,4957,Untiered
4795,4958,Untiered
4796,4959,NFE
4797,4960,Untiered
4798,4961,Untiered
4799,4962,Untiered
4800,4963,Untiered
4801,4964,Untiered
4802,4965,PU
4803,4966,Untiered
4804,4967,Untiered
4805,4968,Untiered
4806,4969,PU
4807,4970,Untiered
4808,4971,NU
4809,4972,Untiered
4810,4973,Untiered
4811,4974,Untiered
4812,4975,Untiered
4813,4976,PU
4814,4977,Untiered
4815,4978,National Dex
4816,4979,National Dex
4817,4980,Untiered
4818,4981,PU
4819,4982,National Dex
4820,4983,RU
4821,4984,National Dex
4822,4985,National Dex
4823,4986,Untiered
4824,4987,Untiered
4825,4988,PUBL
4826,4989,NU
4827,4990,LC
4828,4991,NFE
4829,4992,UUBL
4830,4993,National Dex
4831,4994,OU
4832,4995,OU
4833,4996,UU
4834,4997,OU
4835,4998,LC
4836,4999,LC
4837,5000,LC
4838,5001,NFE
4839,5002,Uber
4840,5003,Uber
4841,5004,UU
4842,5005,OU
4843,5006,Uber
4844,5007,RU
4845,5008,UU
4846,5009,OU
4847,5010,PUBL
4848,5011,NFE
4849,5012,OU
4850,5013,RUBL
4851,5014,RUBL
4852,5015,Uber
4853,5016,Uber
4854,5017,Uber
4855,5018,Uber
4856,5019,Uber
4857,5020,NFE
4858,5021,Uber
4859,5022,NU
4860,5023,OU
4861,5024,OU
4862,5025,Untiered
4863,5026,OU
4864,5027,LC
4865,5028,LC
4866,5029,NFE
4867,5030,OU
4868,5031,LC
4869,5032,NFE
4870,5033,Uber
4871,5034,LC
4872,5035,NFE
4873,5036,PUBL
4874,5037,LC
4875,5038,PU
4876,5039,Untiered
4877,5040,LC
4878,5041,NFE
4879,5042,OU
4880,5043,LC
4881,5044,NFE
4882,5045,Untiered
4883,5046,LC
4884,5047,Untiered
4885,5048,LC
4886,5049,Untiered
4887,5050,LC
4888,5051,PU
4889,5052,LC
4890,5053,Untiered
4891,5054,LC
4892,5055,Untiered
4893,5056,LC
4894,5057,Untiered
4895,5058,LC
4896,5059,NFE
4897,5060,Untiered
4898,5061,National Dex
4899,5062,LC
4900,5063,Untiered
4901,5064,Untiered
4902,5065,LC
4903,5066,PU
4904,5067,Untiered
4905,5068,LC
4906,5069,OU
4907,5070,LC
4908,5071,RU
4909,5072,RU
4910,5073,National Dex
4911,5074,LC
4912,5075,Untiered
4913,5076,LC
4914,5077,Untiered
4915,5078,LC
4916,5079,LC
4917,5080,RU
4918,5081,RU
4919,5082,LC
4920,5083,NFE
4921,5084,UU
4922,5085,LC
4923,5086,National Dex
4924,5087,NFE
4925,5088,NU
4926,5089,RUBL
4927,5090,Untiered
4928,5091,Untiered
4929,5092,NUBL
4930,5093,Untiered
4931,5094,Untiered
4932,5095,LC
4933,5096,Untiered
4934,5097,National Dex
4935,5098,Untiered
4936,5099,Untiered
4937,5100,LC
4938,5101,PU
4939,5102,Untiered
4940,5103,Untiered
4941,5104,NUBL
4942,5105,NUBL
4943,5106,Untiered
4944,5107,LC
4945,5108,NU
4946,5109,National Dex
4947,5110,National Dex
4948,5111,UUBL
4949,5112,UUBL
4950,5113,Uber
4951,5114,Untiered
4952,5115,PUBL
4953,5116,LC
4954,5117,NFE
4955,5118,OU
4956,5119,AG
4957,5120,AG
4958,5121,Uber
4959,5122,Uber
4960,5123,National Dex
4961,5124,National Dex
4962,5125,Uber
4963,5126,NFE
4964,5127,Uber
4965,5128,OU
4966,5129,UU
4967,5130,UU
4968,5131,UU
4969,5132,NUBL
4970,5133,Untiered
4971,5134,Uber
4972,5135,Untiered
4973,5136,Uber
4974,5137,Uber
4975,5139,NUBL
4976,5140,LC
4977,5149,RU
4978,5150,NFE
4979,5151,NFE
4980,5152,UUBL
4981,5153,LC
4982,5154,National Dex
4983,5155,National Dex
4984,5156,LC
4985,5157,PUBL
4986,5158,Uber
4987,5159,National Dex
4988,5160,National Dex
4989,5161,AG
4990,5162,National Dex
4991,5163,AG
4992,5164,National Dex
4993,5165,National Dex
4994,5166,National Dex
4995,5167,National Dex
4996,5168,AG
4997,5169,AG
4998,5170,AG
4999,5171,National Dex
5000,5172,National Dex
5001,5173,National Dex
5002,5174,National Dex
5003,5175,National Dex
5004,5176,AG
5005,5177,AG
5006,5178,AG
5007,5179,Untiered
5008,5180,AG
5009,5181,Untiered
5010,5182,AG
5011,5183,National Dex
5012,5184,AG
5013,5185,National Dex
5014,5186,National Dex
5015,5187,National Dex
5016,5188,National Dex
5017,5189,National Dex
5018,5190,National Dex
5019,5191,National Dex
5020,5192,National Dex
5021,5193,National Dex
5022,5194,AG
5023,5195,National Dex
5024,5196,National Dex
5025,5197,National Dex
5026,5198,AG
5027,5199,AG
5028,5200,PU
5029,5201,National Dex
5030,5202,Untiered
5031,5203,AG
5032,5204,National Dex
5033,5205,National Dex
5034,5206,AG
5035,5207,National Dex
5036,5208,National Dex
5037,5209,National Dex
5038,5210,National Dex
5039,5211,National Dex
5040,5212,AG
5041,5213,AG
5042,5214,AG
5043,5215,National Dex
5044,5216,National Dex
5045,5217,National Dex
5046,5218,National Dex
5047,5219,National Dex
5048,5220,AG
5049,5221,National Dex
5050,5222,AG
5051,5223,National Dex
5052,5224,National Dex
5053,5225,National Dex
5054,5226,AG
5055,5227,AG
5056,5228,National Dex
5057,5229,National Dex
5058,5230,National Dex
5059,5231,National Dex
5060,5232,AG
5061,5233,National Dex
5062,5234,National Dex
5063,5235,RU
5064,5236,National Dex
5065,5237,National Dex
5066,5238,UU
5067,5239,Uber
5068,5240,Untiered
5069,5241,UUBL
5070,5242,AG
5071,5243,AG
5072,5244,National Dex
5073,5245,AG
5074,5246,AG
5075,5247,AG
5076,5248,National Dex
5077,5249,National Dex
5078,5250,AG
5079,5251,National Dex
5080,5252,Untiered
5081,5253,National Dex
5082,5254,National Dex
5083,5255,National Dex
5084,5256,AG
5085,5257,National Dex
5086,5258,AG
5087,5259,CAP
5088,5260,AG
5089,5261,AG
5090,5264,CAP
5091,5266,CAP
5092,5267,CAP
5093,5268,CAP
5094,5269,CAP
5095,5270,CAP
5096,5272,CAP
5097,5273,CAP
5098,5275,CAP
5099,5277,CAP
5100,5278,CAP
5101,5281,CAP
5102,5283,CAP
5103,5284,CAP
5104,5286,CAP
5105,5288,CAP
5106,5290,CAP
5107,5293,CAP
5108,5294,CAP
5109,5297,CAP
5110,5298,CAP
5111,5300,CAP
5112,5303,CAP
5113,5307,CAP
5114,5310,CAP
5115,5312,CAP
5116,5314,CAP
5117,5316,CAP
5118,5317,CAP
5119,5318,CAP
5120,5324,CAP
5121,5325,CAP
5122,5327,CAP
5123,5329,CAP
5124,5330,CAP
5125,5332,National Dex
5126,5333,National Dex
5127,5334,LC
5128,5335,LC
5129,5336,OU
5130,5337,UU
5131,5338,OU
5132,5339,OU
5133,5340,Uber
5134,5341,OU
5135,5342,OU
5136,5343,Uber
5137,5344,Uber
5138,5345,OU
5139,5346,Untiered
5140,5347,OU
5141,5348,UUBL
5142,5349,National Dex
5143,5350,National Dex
5144,5351,National Dex
5145,5352,National Dex
5146,5353,National Dex
5147,5354,National Dex
5148,5355,National Dex
5149,5356,National Dex
5150,5357,National Dex
5151,5358,National Dex
5152,5359,National Dex
5153,5360,National Dex
5154,5361,National Dex
5155,5362,National Dex
5156,5363,National Dex
5157,5364,National Dex
5158,5365,NU
5159,5366,National Dex
5160,5367,National Dex
5161,5368,National Dex
5162,5369,National Dex
5163,5370,National Dex
5164,5371,National Dex
5165,5372,National Dex
5166,5373,National Dex
5167,5374,National Dex
5168,5375,National Dex
5169,5376,National Dex
5170,5377,NU
5171,5378,National Dex
5172,5379,National Dex
5173,5380,National Dex
5174,5381,National Dex
5175,5382,OU
5176,5383,UU
5177,5384,UU
5178,5385,NU
5179,5386,LC
5180,5387,National Dex
5181,5388,UU
5182,5389,National Dex
5183,5390,RU
5184,5391,LC
5185,5392,National Dex
5186,5393,NU
5187,5394,NU
5188,5395,Untiered
5189,5396,National Dex
5190,5397,National Dex
5191,5398,National Dex
5192,5399,National Dex
5193,5400,National Dex
5194,5401,National Dex
5195,5402,National Dex
5196,5403,National Dex
5197,5404,OU
5198,5405,OU
5199,5406,OU
5200,5407,OU
5201,5408,OU
5202,5409,OU
5203,5410,LC
5204,5411,PU
5205,5412,OU
5206,5413,National Dex
5207,5414,Uber
5208,5415,OU
5209,5416,National Dex
5210,5417,National Dex
5211,5418,National Dex
5212,5419,LC
5213,5420,NFE
5214,5421,UU
5215,5422,OU
5216,5423,National Dex
5217,5424,National Dex
5218,5425,National Dex
5219,5426,National Dex
5220,5427,National Dex
5221,5428,National Dex
5222,5429,National Dex
5223,5430,National Dex
5224,5431,National Dex
5225,5432,National Dex
5226,5433,National Dex
5227,5434,National Dex
5228,5435,National Dex
5229,5436,National Dex
5230,5437,National Dex
5231,5438,National Dex
5232,5439,LC
5233,5440,National Dex
5234,5441,LC
5235,5442,National Dex
5236,5443,National Dex
5237,5444,National Dex
5238,5445,National Dex
5239,5446,LC
5240,5447,National Dex
5241,5448,NFE
5242,5449,PU
5243,5450,National Dex
5244,5451,NFE
5245,5452,OU
5246,5453,Untiered
5247,5454,National Dex
5248,5455,LC
5249,5456,NFE
5250,5457,Untiered
5251,5458,National Dex
5252,5459,National Dex
5253,5460,National Dex
5254,5461,LC
5255,5462,Untiered
5256,5463,National Dex
5257,5464,LC
5258,5465,LC
5259,5466,UU
5260,5467,UU
5261,5468,NU
5262,5469,NFE
5263,5470,OU
5264,5471,OU
5265,5472,National Dex
5266,5473,National Dex
5267,5474,National Dex
5268,5475,National Dex
5269,5476,PU
5270,5477,National Dex
5271,5478,National Dex
5272,5479,NFE
5273,5480,LC
5274,5481,UU
5275,5482,NFE
5276,5483,National Dex
5277,5484,National Dex
5278,5485,National Dex
5279,5486,National Dex
5280,5487,National Dex
5281,5488,NU
5282,5489,NFE
5283,5490,UU
5284,5491,National Dex
5285,5492,RU
5286,5493,NFE
5287,5494,NFE
5288,5495,LC
5289,5496,NU
5290,5497,National Dex
5291,5498,National Dex
5292,5499,National Dex
5293,5500,National Dex
5294,5501,National Dex
5295,5502,National Dex
5296,5503,National Dex
5297,5504,National Dex
5298,5505,National Dex
5299,5506,Untiered
5300,5507,National Dex
5301,5508,National Dex
5302,5509,LC
5303,5510,PU
5304,5511,National Dex
5305,5512,National Dex
5306,5513,LC
5307,5514,UU
5308,5515,National Dex
5309,5516,NFE
5310,5517,National Dex
5311,5518,National Dex
5312,5519,National Dex
5313,5520,National Dex
5314,5521,National Dex
5315,5522,National Dex
5316,5523,National Dex
5317,5524,National Dex
5318,5525,RU
5319,5526,National Dex
5320,5527,National Dex
5321,5528,National Dex
5322,5529,LC
5323,5530,NFE
5324,5531,UU
5325,5532,National Dex
5326,5533,NFE
5327,5534,OU
5328,5535,OU
5329,5536,OU
5330,5537,OU
5331,5538,OU
5332,5539,OU
5333,5540,National Dex
5334,5541,OU
5335,5542,OU
5336,5543,National Dex
5337,5544,National Dex
5338,5545,National Dex
5339,5546,National Dex
5340,5547,National Dex
5341,5548,National Dex
5342,5549,National Dex
5343,5550,National Dex
5344,5551,National Dex
5345,5552,National Dex
5346,5553,PU
5347,5554,OU
5348,5555,National Dex
5349,5556,National Dex
5350,5557,National Dex
5351,5558,National Dex
5352,5559,National Dex
5353,5560,National Dex
5354,5561,National Dex
5355,5562,National Dex
5356,5563,National Dex
5357,5564,National Dex
5358,5565,National Dex
5359,5566,National Dex
5360,5567,National Dex
5361,5568,National Dex
5362,5569,National Dex
5363,5570,National Dex
5364,5571,National Dex
5365,5572,National Dex
5366,5573,National Dex
5367,5574,National Dex
5368,5575,National Dex
5369,5576,National Dex
5370,5577,LC
5371,5578,UU
5372,5579,National Dex
5373,5580,National Dex
5374,5581,LC
5375,5582,NFE
5376,5583,RU
5377,5584,LC
5378,5585,PU
5379,5586,LC
5380,5587,OU
5381,5588,LC
5382,5589,NFE
5383,5590,Untiered
5384,5591,National Dex
5385,5592,National Dex
5386,5593,National Dex
5387,5594,National Dex
5388,5595,National Dex
5389,5596,National Dex
5390,5597,National Dex
5391,5598,LC
5392,5599,RUBL
5393,5600,LC
5394,5601,National Dex
5395,5602,National Dex
5396,5603,National Dex
5397,5604,National Dex
5398,5605,National Dex
5399,5606,RU
5400,5607,National Dex
5401,5608,National Dex
5402,5609,National Dex
5403,5610,National Dex
5404,5611,NFE
5405,5612,NU
5406,5613,National Dex
5407,5614,National Dex
5408,5615,National Dex
5409,5616,National Dex
5410,5617,National Dex
5411,5618,National Dex
5412,5619,National Dex
5413,5620,National Dex
5414,5621,LC
5415,5622,Untiered
5416,5623,National Dex
5417,5624,National Dex
5418,5625,National Dex
5419,5626,National Dex
5420,5627,National Dex
5421,5628,LC
5422,5629,PU
5423,5630,OU
5424,5631,LC
5425,5632,Untiered
5426,5633,National Dex
5427,5634,National Dex
5428,5635,National Dex
5429,5636,National Dex
5430,5637,National Dex
5431,5638,LC
5432,5639,NU
5433,5640,LC
5434,5641,RU
5435,5642,NU
5436,5643,Untiered
5437,5644,National Dex
5438,5645,National Dex
5439,5646,LC
5440,5647,National Dex
5441,5648,NU
5442,5649,National Dex
5443,5650,National Dex
5444,5651,National Dex
5445,5652,National Dex
5446,5653,National Dex
5447,5654,National Dex
5448,5655,National Dex
5449,5656,National Dex
5450,5657,National Dex
5451,5658,National Dex
5452,5659,National Dex
5453,5660,National Dex
5454,5661,National Dex
5455,5662,LC
5456,5663,Untiered
5457,5664,National Dex
5458,5665,National Dex
5459,5666,Untiered
5460,5667,National Dex
5461,5668,National Dex
5462,5669,National Dex
5463,5670,National Dex
5464,5671,LC
5465,5672,Untiered
5466,5673,National Dex
5467,5674,National Dex
5468,5675,National Dex
5469,5676,National Dex
5470,5677,National Dex
5471,5678,National Dex
5472,5679,National Dex
5473,5680,National Dex
5474,5681,National Dex
5475,5682,Untiered
5476,5683,LC
5477,5684,NFE
5478,5685,UU
5479,5686,National Dex
5480,5687,National Dex
5481,5688,National Dex
5482,5689,National Dex
5483,5690,National Dex
5484,5691,National Dex
5485,5692,National Dex
5486,5693,National Dex
5487,5694,National Dex
5488,5695,National Dex
5489,5696,Uber
5490,5697,Uber
5491,5698,Uber
5492,5699,National Dex
5493,5700,National Dex
5494,5701,National Dex
5495,5702,National Dex
5496,5703,National Dex
5497,5704,National Dex
5498,5705,National Dex
5499,5706,National Dex
5500,5707,NFE
5501,5708,National Dex
5502,5709,National Dex
5503,5710,National Dex
5504,5711,National Dex
5505,5712,National Dex
5506,5713,National Dex
5507,5714,LC
5508,5715,NFE
5509,5716,UU
5510,5717,National Dex
5511,5718,LC
5512,5719,Untiered
5513,5720,National Dex
5514,5721,LC
5515,5722,Untiered
5516,5723,LC
5517,5724,NFE
5518,5725,Untiered
5519,5726,National Dex
5520,5727,National Dex
5521,5728,National Dex
5522,5729,National Dex
5523,5730,National Dex
5524,5731,National Dex
5525,5732,National Dex
5526,5733,National Dex
5527,5734,National Dex
5528,5735,National Dex
5529,5736,National Dex
5530,5737,National Dex
5531,5738,LC
5532,5739,PU
5533,5740,Untiered
5534,5741,LC
5535,5742,UU
5536,5743,National Dex
5537,5744,National Dex
5538,5745,National Dex
5539,5746,LC
5540,5747,UU
5541,5748,National Dex
5542,5749,LC
5543,5750,NU
5544,5751,National Dex
5545,5752,National Dex
5546,5753,RU
5547,5754,National Dex
5548,5755,PU
5549,5756,National Dex
5550,5757,National Dex
5551,5758,National Dex
5552,5759,LC
5553,5760,PU
5554,5761,LC
5555,5762,RU
5556,5763,LC
5557,5764,National Dex
5558,5765,National Dex
5559,5766,LC
5560,5767,National Dex
5561,5768,NU
5562,5769,LC
5563,5770,PU
5564,5771,OU
5565,5772,National Dex
5566,5773,LC
5567,5774,UU
5568,5775,LC
5569,5776,National Dex
5570,5777,UU
5571,5778,National Dex
5572,5779,National Dex
5573,5780,LC
5574,5781,NU
5575,5782,National Dex
5576,5783,LC
5577,5784,Untiered
5578,5785,National Dex
5579,5786,LC
5580,5787,National Dex
5581,5788,RU
5582,5789,RU
5583,5790,UU
5584,5791,National Dex
5585,5792,National Dex
5586,5793,National Dex
5587,5794,National Dex
5588,5795,National Dex
5589,5796,National Dex
5590,5797,National Dex
5591,5798,National Dex
5592,5799,Untiered
5593,5800,PU
5594,5801,National Dex
5595,5802,National Dex
5596,5803,National Dex
5597,5804,UU
5598,5805,National Dex
5599,5806,National Dex
5600,5807,RU
5601,5808,NU
5602,5809,PU
5603,5810,NU
5604,5811,UU
5605,5812,RU
5606,5813,OU
5607,5814,LC
5608,5815,OU
5609,5816,OU
5610,5817,OU
5611,5818,Uber
5612,5819,Uber
5613,5820,Uber
5614,5821,Uber
5615,5822,OU
5616,5823,National Dex
5617,5824,Uber
5618,5825,Uber
5619,5826,OU
5620,5827,National Dex
5621,5828,NUBL
5622,5829,National Dex
5623,5830,National Dex
5624,5831,National Dex
5625,5832,National Dex
5626,5833,Uber
5627,5834,Uber
5628,5835,Uber
5629,5836,Uber
5630,5837,Uber
5631,5838,Uber
5632,5839,Uber
5633,5840,Uber
5634,5841,Uber
5635,5842,Uber
5636,5843,Uber
5637,5844,Uber
5638,5845,Uber
5639,5846,Uber
5640,5847,Uber
5641,5848,Uber
5642,5849,Uber
5643,5850,Uber
5644,5851,National Dex
5645,5852,National Dex
5646,5853,National Dex
5647,5854,National Dex
5648,5855,National Dex
5649,5856,National Dex
5650,5857,NFE
5651,5858,NFE
5652,5859,LC
5653,5860,National Dex
5654,5861,LC
5655,5862,NFE
5656,5863,UU
5657,5864,OU
5658,5865,National Dex
5659,5866,National Dex
5660,5867,National Dex
5661,5868,National Dex
5662,5869,National Dex
5663,5870,National Dex
5664,5871,PU
5665,5872,OU
5666,5873,National Dex
5667,5874,National Dex
5668,5875,National Dex
5669,5876,National Dex
5670,5877,National Dex
5671,5878,National Dex
5672,5879,National Dex
5673,5880,National Dex
5674,5881,National Dex
5675,5882,National Dex
5676,5883,LC
5677,5884,LC
5678,5885,LC
5679,5886,National Dex
5680,5887,National Dex
5681,5888,National Dex
5682,5889,National Dex
5683,5890,National Dex
5684,5891,National Dex
5685,5892,National Dex
5686,5893,National Dex
5687,5894,National Dex
5688,5895,National Dex
5689,5896,Untiered
5690,5897,OU
5691,5898,National Dex
5692,5899,National Dex
5693,5900,National Dex
5694,5901,National Dex
5695,5902,National Dex
5696,5903,National Dex
5697,5904,National Dex
5698,5905,National Dex
5699,5906,National Dex
5700,5907,National Dex
5701,5908,LC
5702,5909,National Dex
5703,5910,National Dex
5704,5911,National Dex
5705,5912,National Dex
5706,5913,National Dex
5707,5914,National Dex
5708,5915,National Dex
5709,5916,National Dex
5710,5917,LC
5711,5918,PU
5712,5919,OU
5713,5920,PU
5714,5921,PU
5715,5922,PU
5716,5923,NFE
5717,5924,LC
5718,5925,NFE
5719,5926,RU
5720,5927,National Dex
5721,5928,National Dex
5722,5929,National Dex
5723,5930,National Dex
5724,5931,National Dex
5725,5932,National Dex
5726,5933,National Dex
5727,5934,National Dex
5728,5935,LC
5729,5936,National Dex
5730,5937,National Dex
5731,5938,National Dex
5732,5939,National Dex
5733,5940,National Dex
5734,5941,National Dex
5735,5942,National Dex
5736,5943,National Dex
5737,5944,National Dex
5738,5945,National Dex
5739,5946,National Dex
5740,5947,RU
5741,5948,LC
5742,5949,LC
5743,5950,NU
5744,5951,OU
5745,5952,National Dex
5746,5953,National Dex
5747,5954,LC
5748,5955,NFE
5749,5956,Untiered
5750,5957,National Dex
5751,5958,National Dex
5752,5959,National Dex
5753,5960,LC
5754,5961,LC
5755,5962,National Dex
5756,5963,National Dex
5757,5964,National Dex
5758,5965,National Dex
5759,5966,National Dex
5760,5967,LC
5761,5968,PU
5762,5969,National Dex
5763,5970,National Dex
5764,5971,National Dex
5765,5972,RU
5766,5973,OU
5767,5974,LC
5768,5975,OU
5769,5976,National Dex
5770,5977,National Dex
5771,5978,UU
5772,5979,National Dex
5773,5980,National Dex
5774,5981,National Dex
5775,5982,National Dex
5776,5983,National Dex
5777,5984,PU
5778,5985,National Dex
5779,5986,National Dex
5780,5987,National Dex
5781,5988,LC
5782,5989,NFE
5783,5990,NU
5784,5991,National Dex
5785,5992,National Dex
5786,5993,National Dex
5787,5994,National Dex
5788,5995,National Dex
5789,5996,National Dex
5790,5997,LC
5791,5998,NFE
5792,5999,UU
5793,6000,LC
5794,6001,Untiered
5795,6002,RU
5796,6003,National Dex
5797,6004,National Dex
5798,6005,National Dex
5799,6006,National Dex
5800,6007,National Dex
5801,6008,National Dex
5802,6009,National Dex
5803,6010,National Dex
5804,6011,National Dex
5805,6012,National Dex
5806,6013,LC
5807,6014,UU
5808,6015,National Dex
5809,6016,NFE
5810,6017,NU
5811,6018,OU
5812,6019,National Dex
5813,6020,National Dex
5814,6021,National Dex
5815,6022,National Dex
5816,6023,National Dex
5817,6024,LC
5818,6025,NFE
5819,6026,OU
5820,6027,LC
5821,6028,OU
5822,6029,National Dex
5823,6030,National Dex
5824,6031,National Dex
5825,6032,National Dex
5826,6033,OU
5827,6034,OU
5828,6035,OU
5829,6036,OU
5830,6037,National Dex
5831,6038,National Dex
5832,6039,Uber
5833,6040,OU
5834,6041,National Dex
5835,6042,National Dex
5836,6043,National Dex
5837,6044,National Dex
5838,6045,National Dex
5839,6046,OU
5840,6047,National Dex
5841,6048,National Dex
5842,6049,National Dex
5843,6050,National Dex
5844,6051,National Dex
5845,6052,National Dex
5846,6053,LC
5847,6054,NFE
5848,6055,OU
5849,6056,LC
5850,6057,NFE
5851,6058,OU
5852,6059,LC
5853,6060,PU
5854,6061,UU
5855,6062,National Dex
5856,6063,National Dex
5857,6064,National Dex
5858,6065,LC
5859,6066,NFE
5860,6067,UU
5861,6068,LC
5862,6069,NFE
5863,6070,PUBL
5864,6071,PUBL
5865,6072,PUBL
5866,6073,LC
5867,6074,PU
5868,6075,LC
5869,6076,National Dex
5870,6077,NFE
5871,6078,NUBL
5872,6079,LC
5873,6080,PU
5874,6081,National Dex
5875,6082,National Dex
5876,6083,National Dex
5877,6084,National Dex
5878,6085,National Dex
5879,6086,National Dex
5880,6087,National Dex
5881,6088,National Dex
5882,6089,National Dex
5883,6090,National Dex
5884,6091,National Dex
5885,6092,National Dex
5886,6093,National Dex
5887,6094,National Dex
5888,6095,National Dex
5889,6096,National Dex
5890,6097,National Dex
5891,6098,National Dex
5892,6099,National Dex
5893,6100,LC
5894,6101,RU
5895,6102,LC
5896,6103,NU
5897,6104,National Dex
5898,6105,National Dex
5899,6106,National Dex
5900,6107,National Dex
5901,6108,National Dex
5902,6109,National Dex
5903,6110,National Dex
5904,6111,National Dex
5905,6112,RU
5906,6113,RUBL
5907,6114,Untiered
5908,6115,OU
5909,6116,LC
5910,6117,NFE
5911,6118,NFE
5912,6119,NUBL
5913,6120,OU
5914,6121,RU
5915,6122,National Dex
5916,6123,National Dex
5917,6124,National Dex
5918,6125,National Dex
5919,6126,National Dex
5920,6127,National Dex
5921,6128,National Dex
5922,6129,National Dex
5923,6130,National Dex
5924,6131,National Dex
5925,6132,National Dex
5926,6133,LC
5927,6134,RU
5928,6135,OU
5929,6136,LC
5930,6137,UU
5931,6138,National Dex
5932,6139,National Dex
5933,6140,National Dex
5934,6141,National Dex
5935,6142,OU
5936,6143,National Dex
5937,6144,OU
5938,6145,OU
5939,6146,OU
5940,6147,LC
5941,6148,PU
5942,6149,UU
5943,6150,OU
5944,6151,National Dex
5945,6152,National Dex
5946,6153,National Dex
5947,6154,National Dex
5948,6155,National Dex
5949,6156,National Dex
5950,6157,National Dex
5951,6158,National Dex
5952,6159,National Dex
5953,6160,National Dex
5954,6161,LC
5955,6162,Untiered
5956,6163,National Dex
5957,6164,National Dex
5958,6165,National Dex
5959,6166,National Dex
5960,6167,National Dex
5961,6168,LC
5962,6169,National Dex
5963,6170,National Dex
5964,6171,PU
5965,6172,NU
5966,6173,PUBL
5967,6174,RUBL
5968,6175,NUBL
5969,6176,National Dex
5970,6177,National Dex
5971,6178,National Dex
5972,6179,LC
5973,6180,NU
5974,6181,RUBL
5975,6182,PU
5976,6183,National Dex
5977,6184,LC
5978,6185,OU
5979,6186,LC
5980,6187,National Dex
5981,6188,National Dex
5982,6189,RU
5983,6190,National Dex
5984,6191,National Dex
5985,6192,National Dex
5986,6193,LC
5987,6194,NU
5988,6195,National Dex
5989,6196,National Dex
5990,6197,National Dex
5991,6198,LC
5992,6199,RU
5993,6200,National Dex
5994,6201,National Dex
5995,6202,National Dex
5996,6203,National Dex
5997,6204,National Dex
5998,6205,LC
5999,6206,NFE
6000,6207,UU
6001,6208,National Dex
6002,6209,Untiered
6003,6210,NU
6004,6211,National Dex
6005,6212,National Dex
6006,6213,LC
6007,6214,National Dex
6008,6215,National Dex
6009,6216,RU
6010,6217,National Dex
6011,6218,National Dex
6012,6219,National Dex
6013,6220,National Dex
6014,6221,National Dex
6015,6222,National Dex
6016,6223,National Dex
6017,6224,National Dex
6018,6225,National Dex
6019,6226,National Dex
6020,6227,National Dex
6021,6228,National Dex
6022,6229,National Dex
6023,6230,National Dex
6024,6231,National Dex
6025,6232,National Dex
6026,6233,National Dex
6027,6234,National Dex
6028,6235,National Dex
6029,6236,National Dex
6030,6237,National Dex
6031,6238,RU
6032,6239,National Dex
6033,6240,National Dex
6034,6241,National Dex
6035,6242,UU
6036,6243,National Dex
6037,6244,NU
6038,6245,National Dex
6039,6246,National Dex
6040,6247,National Dex
6041,6248,National Dex
6042,6249,National Dex
6043,6250,National Dex
6044,6251,National Dex
6045,6252,National Dex
6046,6253,National Dex
6047,6254,National Dex
6048,6255,National Dex
6049,6256,National Dex
6050,6257,National Dex
6051,6258,LC
6052,6259,LC
6053,6260,National Dex
6054,6261,National Dex
6055,6262,National Dex
6056,6263,National Dex
6057,6264,National Dex
6058,6265,National Dex
6059,6266,National Dex
6060,6267,National Dex
6061,6268,National Dex
6062,6269,National Dex
6063,6270,National Dex
6064,6271,UU
6065,6272,OU
6066,6273,National Dex
6067,6274,National Dex
6068,6275,National Dex
6069,6276,OU
6070,6277,OU
6071,6278,National Dex
6072,6279,National Dex
6073,6280,National Dex
6074,6281,National Dex
6075,6282,National Dex
6076,6283,National Dex
6077,6284,National Dex
6078,6285,National Dex
6079,6286,LC
6080,6287,LC
6081,6288,NFE
6082,6289,OU
6083,6290,LC
6084,6291,NFE
6085,6292,OU
6086,6293,LC
6087,6294,NFE
6088,6295,OU
6089,6296,LC
6090,6297,PUBL
6091,6298,Untiered
6092,6299,LC
6093,6300,NFE
6094,6301,OU
6095,6302,National Dex
6096,6303,National Dex
6097,6304,National Dex
6098,6305,National Dex
6099,6306,National Dex
6100,6307,National Dex
6101,6308,National Dex
6102,6309,National Dex
6103,6310,National Dex
6104,6311,National Dex
6105,6312,National Dex
6106,6313,LC
6107,6314,RUBL
6108,6315,National Dex
6109,6316,National Dex
6110,6317,LC
6111,6318,PU
6112,6319,RU
6113,6320,National Dex
6114,6321,LC
6115,6322,PU
6116,6323,NU
6117,6324,LC
6118,6325,NU
6119,6326,National Dex
6120,6327,LC
6121,6328,NUBL
6122,6329,LC
6123,6330,RUBL
6124,6331,RUBL
6125,6332,National Dex
6126,6333,National Dex
6127,6334,National Dex
6128,6335,National Dex
6129,6336,National Dex
6130,6337,LC
6131,6338,LC
6132,6339,RUBL
6133,6340,RUBL
6134,6341,LC
6135,6342,PU
6136,6343,OU
6137,6344,LC
6138,6345,National Dex
6139,6346,NFE
6140,6347,UU
6141,6348,National Dex
6142,6349,PU
6143,6350,National Dex
6144,6351,National Dex
6145,6352,National Dex
6146,6353,National Dex
6147,6354,National Dex
6148,6355,National Dex
6149,6356,National Dex
6150,6357,PU
6151,6358,Untiered
6152,6359,LC
6153,6360,RU
6154,6361,Untiered
6155,6362,Untiered
6156,6363,NUBL
6157,6364,PU
6158,6365,National Dex
6159,6366,LC
6160,6367,RU
6161,6368,LC
6162,6369,LC
6163,6370,National Dex
6164,6371,National Dex
6165,6372,National Dex
6166,6373,National Dex
6167,6374,National Dex
6168,6375,LC
6169,6376,PU
6170,6377,OU
6171,6378,Uber
6172,6379,Uber
6173,6380,OU
6174,6381,OU
6175,6382,NU
6176,6383,OU
6177,6384,Uber
6178,6385,NFE
6179,6386,Uber
6180,6387,OU
6181,6388,OU
6182,6389,OU
6183,6390,Uber
6184,6391,OU
6185,6392,OU
6186,6393,Uber
6187,6394,OU
6188,6395,Uber
6189,6396,Uber
6190,6397,OU
6191,6398,National Dex
6192,6399,LC
6193,6400,OU
6194,6401,OU
6195,6402,OU
6196,6403,OU
6197,6404,OU
6198,6405,OU
6199,6406,OU
6200,6407,OU
6201,6408,LC
6202,6409,NFE
6203,6410,OU
6204,6411,LC
6205,6412,RU
6206,6413,PU
6207,6414,OU
6208,6415,LC
6209,6416,PU
6210,6417,UU
6211,6418,LC
6212,6419,Untiered
6213,6420,Untiered
6214,6421,LC
6215,6422,PU
6216,6423,LC
6217,6424,NFE
6218,6425,UU
6219,6426,LC
6220,6427,NFE
6221,6428,UU
6222,6429,LC
6223,6430,UU
6224,6431,UU
6225,6432,LC
6226,6433,PU
6227,6434,LC
6228,6435,NFE
6229,6436,NU
6230,6437,RU
6231,6438,PU
6232,6439,PU
6233,6440,PU
6234,6441,PU
6235,6442,LC
6236,6443,RU
6237,6444,OU
6238,6445,LC
6239,6446,UU
6240,6447,OU
6241,6448,LC
6242,6449,RU
6243,6450,UU
6244,6451,LC
6245,6452,UU
6246,6453,LC
6247,6454,NU
6248,6455,LC
6249,6456,RU
6250,6457,LC
6251,6458,UU
6252,6459,LC
6253,6460,UU
6254,6461,National Dex
6255,6462,NU
6256,6463,LC
6257,6464,Untiered
6258,6465,LC
6259,6466,PU
6260,6467,NFE
6261,6468,Uber
6262,6469,LC
6263,6470,PU
6264,6471,UU
6265,6472,LC
6266,6473,LC
6267,6474,Untiered
6268,6475,NU
6269,6476,LC
6270,6477,Uber
6271,6478,LC
6272,6479,RU
6273,6480,UU
6274,6481,OU
6275,6482,PU
6276,6483,Untiered
6277,6484,OU
6278,6485,LC
6279,6486,OU
6280,6487,RUBL
6281,6488,LC
6282,6489,RU
6283,6490,NU
6284,6491,OU
6285,6492,RU
6286,6493,Uber
6287,6494,National Dex
6288,6495,OU
6289,6496,NU
6290,6497,NU
6291,6498,NU
6292,6499,OU
6293,6500,OU
6294,6501,UU
6295,6502,RU
6296,6503,Uber
6297,6504,UU
6298,6505,UU
6299,6506,National Dex
6300,6507,OU
6301,6508,Uber
6302,6509,UUBL
6303,6510,UU
6304,6511,OU
6305,6512,RU
6306,6513,LC
6307,6514,NFE
6308,6515,OU
6309,6516,LC
6310,6517,LC
6311,6518,National Dex
6312,6519,National Dex
6313,6520,Untiered
6314,6521,National Dex
6315,6522,National Dex
6316,6523,National Dex
6317,6524,National Dex
6318,6525,National Dex
6319,6526,National Dex
6320,6527,National Dex
6321,6528,National Dex
6322,6529,National Dex
6323,6530,National Dex
6324,6531,National Dex
6325,6532,National Dex
6326,6533,National Dex
6327,6534,National Dex
6328,6535,National Dex
6329,6536,National Dex
6330,6537,National Dex
6331,6538,National Dex
6332,6539,National Dex
6333,6540,National Dex
6334,6541,National Dex
6335,6542,National Dex
6336,6543,UU
6337,6544,National Dex
6338,6545,National Dex
6339,6546,National Dex
6340,6547,National Dex
6341,6548,National Dex
6342,6549,National Dex
6343,6550,National Dex
6344,6551,National Dex
6345,6552,National Dex
6346,6553,National Dex
6347,6554,National Dex
6348,6555,National Dex
6349,6556,National Dex
6350,6557,National Dex
6351,6558,National Dex
6352,6559,CAP
6353,6560,National Dex
6354,6561,National Dex
6355,6562,National Dex
6356,6563,National Dex
6357,6564,National Dex
6358,6565,National Dex
6359,6566,National Dex
6360,6567,National Dex
6361,6568,National Dex
6362,6569,Uber
6363,6570,National Dex
6364,6571,National Dex
6365,6572,National Dex
6366,6573,National Dex
6367,6574,National Dex
6368,6575,National Dex
6369,6576,National Dex
6370,6577,National Dex
6371,6578,National Dex
6372,6579,National Dex
6373,6580,National Dex
6374,6581,National Dex
6375,6582,National Dex
6376,6583,National Dex
6377,6584,National Dex
6378,6585,National Dex
6379,6586,National Dex
6380,6587,National Dex
6381,6588,National Dex
6382,6589,National Dex
6383,6590,National Dex
6384,6591,National Dex
6385,6592,National Dex
6386,6593,National Dex
6387,6594,National Dex
6388,6595,National Dex
6389,6596,National Dex
6390,6597,National Dex
6391,6598,National Dex
6392,6599,National Dex
6393,6600,National Dex
6394,6601,National Dex
6395,6602,National Dex
6396,6603,National Dex
6397,6604,National Dex
6398,6605,National Dex
6399,6606,National Dex
6400,6607,National Dex
6401,6608,National Dex
6402,6609,National Dex
6403,6610,National Dex
6404,6611,National Dex
6405,6612,National Dex
6406,6613,National Dex
6407,6614,National Dex
6408,6615,National Dex
6409,6616,National Dex
6410,6617,National Dex
6411,6618,OU
6412,6619,National Dex
6413,6620,National Dex
6414,6621,National Dex
6415,6622,National Dex
